고객ID,나이,멤버십등급,월평균구매금액,구매횟수,리뷰점수,이탈여부,성별_남,성별_여,거주지역_경기,거주지역_기타,거주지역_대구,거주지역_부산,거주지역_서울,가입경로_광고,가입경로_앱,가입경로_웹,가입경로_지인추천,쿠폰사용여부_N,쿠폰사용여부_Y,회당평균구매금액
C0001,-1.4738657816180865,1,-0.49805330545073373,-0.18359232912438098,-0.8054214325937472,1,True,False,False,False,True,False,False,False,True,False,False,True,False,-0.47143177746091797
C0002,1.0312885214154883,3,2.0189891440235304,2.2732393258247563,1.7879318462269636,0,False,True,False,False,False,True,False,False,False,True,False,False,True,-0.3480472210950516
C0003,0.6137628042432258,0,-1.1824765818176108,-1.0769856581967945,-0.8054214325937472,0,False,True,False,True,False,False,False,False,True,False,False,False,True,-0.332295275587852
C0004,-0.2212886301012991,1,-0.309410976796426,-1.0769856581967945,0.12077616698507782,0,False,True,True,False,False,False,False,False,True,False,False,True,False,1.2119277948420788
C0005,-0.2212886301012991,2,0.4658575799715358,-0.18359232912438098,2.1584108860584936,0,True,False,True,False,False,False,False,False,False,True,False,True,False,0.2592415543091624
C0006,1.30963899953033,1,-0.19423501670646118,-0.853637325928691,-0.9906609525095116,0,True,False,False,False,False,True,False,False,True,False,False,True,False,0.6908059171089556
C0007,-1.4738657816180865,2,0.4519454824269023,0.039756003143722386,0.6764947267323725,1,False,True,True,False,False,False,False,True,False,False,False,False,True,0.032145357022867034
C0008,0.7529380433006466,1,-0.30545687591268506,-0.18359232912438098,0.12077616698507782,0,True,False,False,False,False,True,False,False,True,False,False,False,True,-0.32543791331243
C0009,-1.056340064445824,0,-0.935464188453882,-1.3003339904648978,-1.3611399923410419,1,True,False,True,False,False,False,False,False,False,False,True,True,False,0.898760627879628
C0010,-1.4738657816180865,2,0.42794931436546474,0.4864526676799291,0.6764947267323725,0,True,False,False,False,False,False,True,False,False,True,False,True,False,-0.28375808775045475
C0011,0.12664946754225298,0,-0.7511506852836177,-1.3003339904648978,-0.06446335293068653,1,False,True,False,False,False,False,True,False,False,True,False,True,False,1.3877636801423088
C0012,1.7271647167025923,0,-0.814197888776999,-1.0769856581967945,0.30601568690084296,0,False,True,False,False,False,True,False,False,False,True,False,False,True,0.3190927196216216
C0013,0.8921132823580675,1,-0.25887411027664115,0.4864526676799291,-0.6201819126779821,1,False,True,False,False,False,False,True,False,False,True,False,True,False,-0.6482010018490912
C0014,0.9617009018867779,2,0.5056204677469618,0.9331493322161358,2.1584108860584936,1,False,True,False,False,False,False,True,True,False,False,False,True,False,-0.44940470671494775
C0015,0.822525662829357,2,2.7204345133150443,0.7098009999480325,0.6764947267323725,0,False,True,True,False,False,False,False,False,True,False,False,True,False,0.713010807485231
C0016,1.0312885214154883,0,-0.9353885825705255,-1.0769856581967945,-0.06446335293068653,0,True,False,False,False,False,False,True,False,True,False,False,False,True,0.10473830661868148
C0017,0.057061848013542554,0,-0.9534980972379714,-1.0769856581967945,-0.8054214325937472,1,False,True,True,False,False,False,False,False,False,True,False,True,False,0.07270734561995945
C0018,-1.3346905425606657,3,1.8136819637471124,2.049890993556653,1.4174528063954333,0,True,False,False,False,True,False,False,False,False,False,True,False,True,-0.3453262012623616
C0019,1.2400513800016195,0,-0.44154576780959776,-0.6302889936605877,-1.1759004724252766,0,True,False,False,False,False,False,True,False,True,False,False,True,False,-0.006553312565575836
C0020,-0.012525771515167854,0,-1.217656399177514,-1.3003339904648978,-0.8054214325937472,1,False,True,False,False,False,True,False,False,False,True,False,True,False,0.15007510025914067
C0021,0.057061848013542554,0,-0.6783776306978136,-0.853637325928691,-0.6201819126779821,0,False,True,False,False,False,True,False,True,False,False,False,True,False,0.048565354426190706
C0022,-0.4300514886874303,1,-0.7200405169258284,-1.0769856581967945,-0.6201819126779821,0,True,False,True,False,False,False,False,False,False,False,True,True,False,0.4856323072853682
C0023,-1.1259276839745345,2,0.6711524895916801,0.7098009999480325,0.49125520681660817,1,True,False,False,False,False,False,True,True,False,False,False,True,False,-0.27552739440859547
C0024,1.5879894776451715,2,1.018149636922237,1.156497664484239,0.30601568690084296,1,False,True,False,False,True,False,False,False,False,True,False,True,False,-0.31976744084693143
C0025,1.0312885214154883,2,2.7204345133150443,0.4864526676799291,2.343650405974258,0,True,False,False,False,False,False,True,False,False,True,False,True,False,0.9326826398914925
C0026,0.5441751847145154,0,-0.8315152426294934,0.039756003143722386,-0.8054214325937472,1,True,False,True,False,False,False,False,False,True,False,False,True,False,-0.8191436169489347
C0027,-0.3604638691587199,0,-1.0183461277930734,-1.3003339904648978,0.30601568690084296,1,False,True,False,True,False,False,False,True,False,False,False,False,True,0.6788661512558793
C0028,1.1704637604729091,1,-0.22829392134807078,-0.18359232912438098,-0.2497028728464517,0,True,False,False,True,False,False,False,False,True,False,False,True,False,-0.2669460818022478
C0029,0.19623708707096338,0,-0.9395359002496404,-0.853637325928691,-0.6201819126779821,0,False,True,False,False,False,True,False,False,False,False,True,True,False,-0.29787478353947533
C0030,-0.15170101057258867,0,-1.075981064182105,-0.853637325928691,-1.7316190321725722,1,False,True,True,False,False,False,False,False,False,True,False,True,False,-0.47887644777408334
C0031,-0.15170101057258867,0,-0.9491992087775478,-0.853637325928691,-1.1759004724252766,0,False,True,False,False,True,False,False,False,False,True,False,True,False,-0.3106936689814647
C0032,-0.9867524449171136,0,-0.82442199419981,-0.853637325928691,-0.6201819126779821,0,True,False,False,False,True,False,False,False,False,False,True,True,False,-0.14517015135567313
C0033,-1.4738657816180865,1,-0.43229557961585446,0.26310433541182576,1.0469737665639027,0,True,False,True,False,False,False,False,False,False,True,False,False,True,-0.6576125767230753
C0034,0.19623708707096338,2,0.40957631597299093,1.3798459967523424,0.8617342466481385,0,True,False,False,False,True,False,False,True,False,False,False,True,False,-0.6335644233368993
C0035,1.4488142385877507,0,-1.222738710848328,-0.853637325928691,0.30601568690084296,1,False,True,False,False,False,False,True,False,False,True,False,False,True,-0.6735581610731258
C0036,-1.5434534011467969,1,-0.1363758990685893,0.26310433541182576,0.49125520681660817,0,True,False,False,False,False,False,True,False,False,True,False,False,True,-0.48314458903034657
C0037,1.30963899953033,2,0.7549878405585791,0.4864526676799291,1.973171366142728,0,True,False,True,False,False,False,False,False,True,False,False,True,False,-0.11022458666107565
C0038,1.2400513800016195,2,0.6748292546900219,1.156497664484239,0.6764947267323725,0,True,False,False,False,False,False,True,False,False,True,False,False,True,-0.4599005142228418
C0039,-0.7779895863309824,2,0.8622825481116799,0.26310433541182576,2.343650405974258,0,False,True,False,False,False,False,True,False,True,False,False,True,False,0.10564331905898179
C0040,0.474587565185805,1,-0.2137730869099407,0.26310433541182576,-0.43494239276221686,1,True,False,False,False,False,True,False,False,True,False,False,True,False,-0.5287763347485903
C0041,-1.1955153035032449,2,0.7158078726389546,1.6031943290204458,0.12077616698507782,0,False,True,False,True,False,False,False,False,True,False,False,False,True,-0.5819120384418942
C0042,0.9617009018867779,0,-0.7974719555071993,-0.853637325928691,-1.7316190321725722,1,True,False,False,False,True,False,False,False,False,True,False,True,False,-0.10941951194888525
C0043,0.7529380433006466,0,-0.8985132491782271,-1.5236823227330012,0.8617342466481385,0,True,False,False,False,False,True,False,False,False,True,False,False,True,3.477298205980646
C0044,-0.4996391082161407,0,-1.0107745903179368,-1.0769856581967945,-0.2497028728464517,1,True,False,False,True,False,False,False,False,False,True,False,True,False,-0.028599682739331646
C0045,-1.5434534011467969,1,0.32961295508329064,0.26310433541182576,-0.2497028728464517,0,False,True,False,False,False,False,True,False,True,False,False,True,False,-0.20840741196674345
C0046,1.7271647167025923,0,-0.990618628862856,-0.6302889936605877,0.12077616698507782,0,True,False,True,False,False,False,False,False,True,False,False,True,False,-0.5892524645026187
C0047,-0.15170101057258867,0,-1.0452890051028958,-0.853637325928691,-0.2497028728464517,1,True,False,True,False,False,False,False,False,True,False,False,True,False,-0.4381618221177761
C0048,1.4488142385877507,2,0.7265409628436988,1.156497664484239,2.1584108860584936,0,False,True,False,False,False,False,True,False,False,False,True,True,False,-0.4387933473661083
C0049,0.6833504237719362,0,-0.8107565540082229,-0.6302889936605877,-1.9168585520883366,0,False,True,False,False,False,True,False,True,False,False,False,True,False,-0.39837528604876343
C0050,1.0312885214154883,0,2.7204345133150443,-0.4069406613924843,-0.9906609525095116,0,False,True,True,False,False,False,False,False,True,False,False,True,False,2.5436094108707437
C0051,0.9617009018867779,0,-0.5882118226898434,-0.4069406613924843,-1.1759004724252766,0,False,True,True,False,False,False,False,False,False,True,False,True,False,-0.3824524878958628
C0052,-1.056340064445824,1,-0.26030027682108875,0.4864526676799291,-1.5463795122568071,0,True,False,False,False,False,False,True,False,True,False,False,True,False,-0.6489577557290559
C0053,-0.012525771515167854,0,-1.1590253101045964,-0.6302889936605877,-0.06446335293068653,1,False,True,False,False,False,False,True,False,True,False,False,False,True,-0.7679726987386643
C0054,-0.08211339104387827,0,-0.5713180375840979,-0.4069406613924843,-0.9906609525095116,1,True,False,False,True,False,False,False,False,True,False,False,True,False,-0.3675121600687548
C0055,-0.012525771515167854,0,-0.7152241110057153,-1.0769856581967945,-0.2497028728464517,0,False,True,False,False,False,False,True,False,True,False,False,False,True,0.4941512606098592
C0056,-1.6130410206755073,2,0.2924649300773889,0.4864526676799291,2.343650405974258,1,False,True,False,False,False,False,True,False,False,True,False,True,False,-0.35564894361422367
C0057,0.19623708707096338,3,2.2410984472326576,2.4965876580928597,1.2322132864796689,0,False,True,False,False,False,False,True,True,False,False,False,False,True,-0.34578941840599003
C0058,-1.1955153035032449,1,-0.06786825757351167,-0.18359232912438098,-0.43494239276221686,0,False,True,True,False,False,False,False,False,True,False,False,False,True,-0.14533862200036712
C0059,0.8921132823580675,1,-0.23883392070188708,0.26310433541182576,-0.06446335293068653,0,False,True,False,False,True,False,False,False,False,True,False,True,False,-0.5435516725480121
C0060,0.6833504237719362,2,1.0220177351623856,0.7098009999480325,1.4174528063954333,0,False,True,True,False,False,False,False,False,False,False,True,True,False,-0.10627606884759881
C0061,1.5184018581164611,3,1.827637332652745,1.6031943290204458,1.0469737665639027,0,False,True,False,False,False,False,True,True,False,False,False,True,False,-0.1886053515989766
C0062,0.8921132823580675,1,-0.2434050502597277,-0.18359232912438098,-0.6201819126779821,1,True,False,False,False,False,False,True,False,False,True,False,True,False,-0.27840077027570614
C0063,-0.4300514886874303,2,0.4468828959913322,1.3798459967523424,1.4174528063954333,1,True,False,False,False,False,True,False,False,True,False,False,True,False,-0.6194246706215812
C0064,1.7271647167025923,3,1.9356234291978982,2.049890993556653,1.7879318462269636,0,True,False,False,False,True,False,False,False,False,True,False,False,True,-0.3072646135632935
C0065,-0.2908762496300095,2,0.7374259195157349,0.039756003143722386,-0.8054214325937472,0,False,True,False,False,True,False,False,False,True,False,False,False,True,0.22149774127108396
C0066,-0.6388143472735616,1,-0.23247663079996164,-0.18359232912438098,-0.9906609525095116,0,True,False,False,False,True,False,False,True,False,False,False,True,False,-0.2701167008887834
C0067,1.5184018581164611,0,-1.0770057809982945,0.039756003143722386,0.30601568690084296,0,True,False,False,False,False,True,False,False,True,False,False,False,True,-0.9819716524687431
C0068,-0.012525771515167854,0,-0.841915173552142,-0.853637325928691,-0.43494239276221686,0,True,False,False,False,False,False,True,False,False,True,False,True,False,-0.16837577099268553
C0069,-1.5434534011467969,1,-0.2540657731310254,-1.0769856581967945,-0.6201819126779821,0,False,True,True,False,False,False,False,False,True,False,False,False,True,1.3098188809714895
C0070,-0.08211339104387827,1,2.7204345133150443,0.7098009999480325,-0.2497028728464517,1,False,True,True,False,False,False,False,False,False,True,False,False,True,0.713010807485231
C0071,1.1008761409441987,1,-0.6123595154276735,0.039756003143722386,-0.06446335293068653,1,False,True,True,False,False,False,False,True,False,False,False,False,True,-0.6737828353469237
C0072,-1.1259276839745345,1,-0.09179959196706187,-0.18359232912438098,0.49125520681660817,1,True,False,False,False,False,True,False,False,False,True,False,False,True,-0.16347929049938398
C0073,-0.08211339104387827,1,-0.9011578238528133,-0.4069406613924843,-0.9906609525095116,0,True,False,True,False,False,False,False,False,False,True,False,False,True,-0.6592120074642255
C0074,-1.3346905425606657,2,0.6681209165351348,1.156497664484239,0.12077616698507782,0,True,False,False,False,False,True,False,True,False,False,False,True,False,-0.46263865646996716
C0075,-0.012525771515167854,0,-0.9972968523942655,-1.0769856581967945,-0.6201819126779821,0,True,False,False,False,False,True,False,True,False,False,False,False,True,-0.004761114687579512
C0076,-0.08211339104387827,0,-0.5407886157849018,-0.4069406613924843,-0.8054214325937472,0,True,False,True,False,False,False,False,False,True,False,False,True,False,-0.34051290755092073
C0077,-0.5692267277448512,2,0.48951788163949156,0.9331493322161358,1.0469737665639027,0,False,True,False,True,False,False,False,False,False,True,False,True,False,-0.45652501497635756
C0078,-0.9867524449171136,2,0.7841624190526792,0.7098009999480325,-0.2497028728464517,1,False,True,False,False,True,False,False,False,False,True,False,True,False,-0.22101335916490122
C0079,0.2658247065996738,3,1.685493811684445,1.8265426612885494,1.6026923263111976,0,False,True,False,False,False,True,False,False,False,True,False,True,False,-0.3166894453167874
C0080,0.6137628042432258,2,0.644695997100046,0.7098009999480325,1.4174528063954333,0,True,False,True,False,False,False,False,False,True,False,False,True,False,-0.28828954876965274
C0081,1.5879894776451715,2,0.8039303098171585,1.156497664484239,-0.06446335293068653,1,True,False,True,False,False,False,False,False,True,False,False,False,True,-0.40720533919882634
C0082,-0.2212886301012991,0,-0.9933287386717913,-1.3003339904648978,-0.6201819126779821,1,False,True,True,False,False,False,False,True,False,False,False,False,True,0.7452399080861049
C0083,-1.1955153035032449,1,0.018447886161742998,-0.853637325928691,-0.06446335293068653,0,True,False,False,False,False,False,True,True,False,False,False,True,False,0.9729409394425175
C0084,1.2400513800016195,0,-1.1290655939723213,-0.6302889936605877,-1.3611399923410419,0,True,False,True,False,False,False,False,False,False,False,True,True,False,-0.7361781912682651
C0085,0.474587565185805,1,-0.1609431077164523,0.039756003143722386,-0.06446335293068653,1,True,False,False,True,False,False,False,True,False,False,False,False,True,-0.37436906829329114
C0086,0.7529380433006466,3,2.022714360920781,2.049890993556653,-0.06446335293068653,0,False,True,False,False,True,False,False,False,False,False,True,True,False,-0.28008092241024707
C0087,-1.404278162089376,0,-0.706442697415087,-0.6302889936605877,-0.8054214325937472,1,False,True,False,False,False,False,True,False,False,False,True,True,False,-0.28767304581145775
C0088,-0.6388143472735616,1,0.2535317939894844,-0.4069406613924843,-0.8054214325937472,1,False,True,True,False,False,False,False,False,False,False,True,True,False,0.36195887408409155
C0089,0.9617009018867779,0,-1.0702215120664458,-0.4069406613924843,-1.1759004724252766,1,False,True,False,False,False,False,True,False,False,True,False,True,False,-0.8087265721257948
C0090,1.2400513800016195,0,-1.2275702152847587,-0.853637325928691,-0.6201819126779821,1,False,True,False,False,False,False,True,False,False,True,False,True,False,-0.6799674050400552
C0091,-0.2212886301012991,0,-1.1292284426241117,-1.0769856581967945,-0.9906609525095116,1,False,True,False,True,False,False,False,False,True,False,False,True,False,-0.2381133440959218
C0092,1.1008761409441987,0,-0.7063391779096019,-1.0769856581967945,-0.43494239276221686,0,False,True,True,False,False,False,False,False,False,True,False,True,False,0.509866366768361
C0093,1.2400513800016195,3,1.9141752060136077,2.719935990360963,1.7879318462269636,0,True,False,True,False,False,False,False,False,True,False,False,False,True,-0.4894214875466744
C0094,-0.3604638691587199,1,2.7204345133150443,-0.853637325928691,0.6764947267323725,1,False,True,False,False,True,False,False,False,True,False,False,False,True,4.557267874594807
C0095,1.4488142385877507,2,0.32864788883709606,0.9331493322161358,1.7879318462269636,0,True,False,False,False,False,False,True,False,False,True,False,True,False,-0.5276591751118174
C0096,-0.7779895863309824,1,-0.04025028097487487,-0.853637325928691,0.6764947267323725,0,False,True,False,False,False,False,True,False,False,True,False,True,False,0.8950747429937542
C0097,-0.9171648253884032,0,-1.1881009192539986,-0.853637325928691,-1.5463795122568071,1,False,True,False,False,True,False,False,False,True,False,False,True,False,-0.6276093143475043
C0098,0.6833504237719362,0,-0.5789424474858764,-1.0769856581967945,-1.5463795122568071,1,False,True,False,False,True,False,False,False,False,False,True,True,False,0.7351976237623713
C0099,-0.012525771515167854,2,1.3458640018639951,-0.18359232912438098,0.6764947267323725,0,False,True,False,True,False,False,False,True,False,False,False,False,True,0.9263127887848955
C0100,-1.2651029230319553,0,-0.7814706093407927,-0.6302889936605877,-1.1759004724252766,1,False,True,False,False,True,False,False,False,True,False,False,True,False,-0.3672958131193384
C0101,1.2400513800016195,3,1.9359448417314296,1.6031943290204458,0.49125520681660817,0,False,True,True,False,False,False,False,False,True,False,False,False,True,-0.15029186100715666
C0102,-1.056340064445824,0,-1.0010731376341924,-1.5236823227330012,-1.1759004724252766,0,False,True,False,False,False,True,False,False,True,False,False,True,False,2.9330939275957055
C0103,1.1008761409441987,1,-0.698840097949328,0.26310433541182576,-0.43494239276221686,1,False,True,False,True,False,False,False,False,False,False,True,True,False,-0.8147615897869125
C0104,-1.752216259732928,2,0.4615980342613452,1.3798459967523424,0.12077616698507782,0,True,False,False,False,True,False,False,False,False,False,True,False,True,-0.6138474127703548
C0105,1.1008761409441987,0,-1.1544161295475628,-0.18359232912438098,-0.9906609525095116,1,False,True,False,True,False,False,False,False,True,False,False,False,True,-0.9689744640161718
C0106,1.0312885214154883,0,-1.2449110876914102,-0.6302889936605877,0.12077616698507782,1,False,True,False,False,False,True,False,False,False,False,True,True,False,-0.8591182885376027
C0107,1.0312885214154883,3,2.2270880967878726,1.8265426612885494,-0.06446335293068653,0,True,False,False,False,False,True,False,False,True,False,False,False,True,-0.13707614111753752
C0108,0.6137628042432258,0,-0.8053877958657567,-0.18359232912438098,1.0469737665639027,0,False,True,False,False,False,False,True,False,True,False,False,False,True,-0.7044005295266539
C0109,-0.08211339104387827,1,-0.1391965904953634,0.4864526676799291,0.12077616698507782,0,False,True,False,False,True,False,False,True,False,False,False,True,False,-0.5846975998154266
C0110,-0.012525771515167854,1,-0.3152009244779287,0.26310433541182576,-0.2497028728464517,0,False,True,True,False,False,False,False,False,True,False,False,True,False,-0.5885760435201918
C0111,-0.012525771515167854,0,-0.9192979346135578,-1.3003339904648978,-0.06446335293068653,0,False,True,False,False,True,False,False,False,True,False,False,True,False,0.9416513946199742
C0112,1.0312885214154883,2,0.8621241514847199,0.7098009999480325,0.8617342466481385,0,True,False,False,False,True,False,False,False,False,True,False,False,True,-0.1834059679406953
C0113,0.19623708707096338,2,0.6073629497245013,0.9331493322161358,1.0469737665639027,0,False,True,False,True,False,False,False,False,False,True,False,True,False,-0.40441579436720226
C0114,-0.15170101057258867,0,-0.7394972890816427,-1.5236823227330012,0.6764947267323725,0,True,False,False,True,False,False,False,True,False,False,False,False,True,4.321070241216483
C0115,0.057061848013542554,2,0.5655367309566327,0.9331493322161358,0.12077616698507782,0,False,True,False,False,False,False,True,True,False,False,False,False,True,-0.42291068512876917
C0116,-0.012525771515167854,0,-0.9625590086033485,0.26310433541182576,-0.2497028728464517,1,False,True,False,False,True,False,False,False,True,False,False,False,True,-0.9702446842983521
C0117,-1.6826286402042177,0,-1.2346657208324265,-0.6302889936605877,-0.6201819126779821,1,True,False,False,False,True,False,False,False,True,False,False,False,True,-0.8482454754676546
C0118,-1.2651029230319553,1,-0.7416549530878388,0.4864526676799291,-1.1759004724252766,0,True,False,True,False,False,False,False,False,False,False,True,False,True,-0.9043746425731124
C0119,-0.9171648253884032,3,1.7200838858194825,1.8265426612885494,1.973171366142728,0,True,False,False,False,False,False,True,False,True,False,False,False,True,-0.3052180585633163
C0120,-1.404278162089376,0,-0.8606814987360473,-0.853637325928691,0.12077616698507782,0,True,False,False,False,False,False,True,True,False,False,False,False,True,-0.1932702853305916
C0121,-0.2212886301012991,0,-1.2037985462100538,-0.6302889936605877,-1.3611399923410419,1,True,False,False,False,False,True,False,False,False,True,False,True,False,-0.8154879349826869
C0122,0.6137628042432258,1,-0.2450385140081979,-0.6302889936605877,-0.06446335293068653,0,True,False,True,False,False,False,False,False,True,False,False,True,False,0.20198842799669586
C0123,0.6137628042432258,2,0.6293637313017737,0.26310433541182576,-0.6201819126779821,0,True,False,False,True,False,False,False,False,False,False,True,False,True,-0.03168069125842244
C0124,-0.08211339104387827,0,-1.4261015542805116,-0.18359232912438098,-1.7316190321725722,1,True,False,True,False,False,False,False,False,True,False,False,False,True,-1.1749201561804723
C0125,1.30963899953033,0,-1.108985693977506,-0.18359232912438098,-0.06446335293068653,1,False,True,False,True,False,False,False,False,False,True,False,True,False,-0.934536832671032
C0126,0.2658247065996738,2,0.7197058654637254,0.26310433541182576,0.30601568690084296,1,True,False,True,False,False,False,False,False,False,True,False,True,False,0.021583121144837836
C0127,-1.4738657816180865,0,-0.776204206681694,-0.4069406613924843,-1.5463795122568071,1,True,False,False,False,False,True,False,False,False,True,False,True,False,-0.5487069908540304
C0128,0.9617009018867779,0,-1.1699487733493683,-0.853637325928691,-0.6201819126779821,0,True,False,False,False,False,False,True,False,True,False,False,False,True,-0.6035295410270385
C0129,0.2658247065996738,0,-0.8346271618389017,-0.6302889936605877,-1.1759004724252766,1,False,True,False,False,True,False,False,False,False,True,False,True,False,-0.4237077763715898
C0130,0.5441751847145154,1,0.02505462106226122,0.039756003143722386,-0.43494239276221686,0,True,False,False,False,False,True,False,True,False,False,False,False,True,-0.2510011984380145
C0131,0.2658247065996738,1,-0.03764215632299814,0.26310433541182576,0.49125520681660817,0,False,True,False,True,False,False,False,True,False,False,False,False,True,-0.4249332616109002
C0132,-0.012525771515167854,2,0.5912760055618309,0.7098009999480325,-0.2497028728464517,0,True,False,False,False,False,True,False,False,False,True,False,True,False,-0.31405842868420136
C0133,-1.4738657816180865,1,-0.35582264621197807,0.4864526676799291,-0.8054214325937472,0,True,False,False,False,False,False,True,False,True,False,False,True,False,-0.6996439283513166
C0134,-0.012525771515167854,1,-0.3970613384036876,0.039756003143722386,0.12077616698507782,1,True,False,True,False,False,False,False,False,False,False,True,True,False,-0.5309806750325169
C0135,1.1008761409441987,3,1.906482148670561,2.049890993556653,2.1584108860584936,0,True,False,False,False,False,False,True,True,False,False,False,True,False,-0.3163604809973455
C0136,-0.708401966802272,1,-0.1863681394103853,-0.6302889936605877,0.8617342466481385,1,False,True,False,False,False,False,True,False,True,False,False,False,True,0.2642518905477215
C0137,0.40499994565709463,1,-0.07537992366785863,0.7098009999480325,-0.6201819126779821,0,True,False,False,False,True,False,False,False,False,True,False,False,True,-0.6356417178232939
C0138,-1.6826286402042177,3,1.8206289574592864,2.049890993556653,2.1584108860584936,0,True,False,False,False,True,False,False,False,False,True,False,True,False,-0.3431578362239121
C0139,-0.4996391082161407,0,-0.6658791121297186,-0.6302889936605877,-1.3611399923410419,0,False,True,False,False,False,True,False,False,True,False,False,True,False,-0.24462526759861797
C0140,-0.2212886301012991,2,0.6398006529081379,0.039756003143722386,1.973171366142728,0,False,True,False,False,False,True,False,False,False,True,False,False,True,0.15674522378329483
C0141,-0.012525771515167854,2,0.8161592489213789,0.26310433541182576,-0.2497028728464517,1,False,True,False,False,True,False,False,False,True,False,False,True,False,0.07844999693657519
C0142,-0.012525771515167854,0,-0.6525751399696856,-0.4069406613924843,-0.06446335293068653,0,False,True,False,False,False,True,False,False,False,False,True,False,True,-0.4393733646669288
C0143,-0.7779895863309824,1,-0.4418302822829387,0.039756003143722386,-0.6201819126779821,1,False,True,False,False,False,False,True,False,False,False,True,False,True,-0.5606748507534718
C0144,-0.2908762496300095,0,-1.3372026428795665,-1.5236823227330012,0.6764947267323725,1,True,False,False,False,False,False,True,False,False,False,True,True,False,1.1495202751683704
C0145,1.796752336231303,0,-0.48066989722606146,-0.4069406613924843,-0.43494239276221686,1,False,True,False,False,True,False,False,False,False,True,False,False,True,-0.2873458192878385
C0146,1.30963899953033,1,-0.17063741826229664,-0.4069406613924843,-0.8054214325937472,1,True,False,False,False,False,True,False,False,True,False,False,True,False,-0.013162926361475567
C0147,-1.6826286402042177,0,-1.3132676893406912,-0.18359232912438098,-1.1759004724252766,1,True,False,False,False,False,False,True,False,False,False,True,True,False,-1.0893887058369518
C0148,-0.9171648253884032,2,0.4332056678635956,0.7098009999480325,1.2322132864796689,1,False,True,True,False,False,False,False,False,False,False,True,False,True,-0.39030882545343437
C0149,1.1704637604729091,3,1.9841852684780956,1.8265426612885494,2.1584108860584936,0,False,True,False,False,True,False,False,False,False,True,False,False,True,-0.21763197560853556
C0150,-1.5434534011467969,2,0.5441536674716971,1.156497664484239,0.6764947267323725,0,False,True,False,False,False,False,True,True,False,False,False,False,True,-0.5132383659782317
C0151,1.30963899953033,0,-1.0059802450670465,-1.3003339904648978,-0.8054214325937472,1,True,False,True,False,False,False,False,False,True,False,False,True,False,0.7116741348975526
C0152,-0.7779895863309824,0,-0.5171150705094516,-1.3003339904648978,-0.2497028728464517,1,False,True,False,False,False,True,False,True,False,False,False,True,False,2.0086847086847457
C0153,1.5184018581164611,0,-1.1427606824564467,-0.853637325928691,-0.6201819126779821,1,True,False,False,False,True,False,False,False,True,False,False,True,False,-0.5674631128946618
C0154,-0.708401966802272,0,-1.0790929122914457,-0.4069406613924843,-1.7316190321725722,1,False,True,False,False,False,False,True,False,True,False,False,False,True,-0.8165721571629753
C0155,-0.2212886301012991,3,1.8409489385932876,1.156497664484239,0.8617342466481385,0,False,True,False,False,False,True,False,False,False,True,False,True,False,0.01607453324457374
C0156,0.6137628042432258,1,-0.13644492336689437,-0.853637325928691,0.12077616698507782,0,False,True,True,False,False,False,False,False,True,False,False,False,True,0.7674675060525717
C0157,-1.3346905425606657,0,-0.7482758873309959,-0.4069406613924843,0.12077616698507782,0,False,True,False,False,False,True,False,False,True,False,False,True,False,-0.524008070857843
C0158,0.19623708707096338,2,0.848499758018191,0.4864526676799291,1.7879318462269636,0,False,True,False,False,False,False,True,False,True,False,False,True,False,-0.06060520199944938
C0159,0.057061848013542554,0,-0.8243715319904381,-1.0769856581967945,-0.2497028728464517,0,True,False,False,False,True,False,False,False,True,False,False,True,False,0.3010982247404101
C0160,1.0312885214154883,0,-0.7500543297055516,-1.5236823227330012,-0.6201819126779821,1,True,False,True,False,False,False,False,False,False,False,True,False,True,4.26505236950164
C0161,1.796752336231303,0,-0.9413622207618955,-1.0769856581967945,-0.2497028728464517,0,True,False,False,False,False,False,True,False,True,False,False,False,True,0.09417251424699469
C0162,0.6137628042432258,1,-0.2202052748969876,-0.18359232912438098,-0.6201819126779821,0,False,True,False,False,False,True,False,False,False,True,False,False,True,-0.2608146454409559
C0163,-0.2908762496300095,2,0.643107975521401,1.156497664484239,0.49125520681660817,0,True,False,False,False,False,False,True,False,True,False,False,True,False,-0.4728481880906505
C0164,-0.2908762496300095,0,-0.8201498617834347,-1.3003339904648978,-1.3611399923410419,1,True,False,False,False,False,False,True,False,True,False,False,True,False,1.2047016291711814
C0165,-0.2908762496300095,3,1.9843553452462914,2.4965876580928597,0.49125520681660817,0,False,True,True,False,False,False,False,False,True,False,False,False,True,-0.4174911419192572
C0166,-0.012525771515167854,2,0.7574980242677031,0.4864526676799291,0.8617342466481385,0,False,True,False,False,True,False,False,True,False,False,False,True,False,-0.10889263053806969
C0167,-0.6388143472735616,2,0.6269268565142713,0.4864526676799291,0.8617342466481385,0,False,True,False,False,False,True,False,False,False,False,True,True,False,-0.17817643066197908
C0168,-1.1955153035032449,0,-1.0818970389803308,-0.18359232912438098,-0.2497028728464517,0,False,True,False,True,False,False,False,False,False,True,False,False,True,-0.9140028205550828
C0169,-0.5692267277448512,0,-0.8578257652439331,-0.853637325928691,-0.43494239276221686,0,False,True,False,False,False,False,True,False,False,False,True,False,True,-0.18948200511760424
C0170,-0.012525771515167854,2,0.6084667837452667,0.4864526676799291,0.8617342466481385,0,True,False,True,False,False,False,False,False,True,False,False,False,True,-0.18797173244265808
C0171,-1.404278162089376,0,-0.8257507811058078,-0.853637325928691,-0.43494239276221686,1,False,True,False,False,False,False,True,False,True,False,False,True,False,-0.1469328568592394
C0172,-1.4738657816180865,1,0.3276637464397172,0.4864526676799291,-0.06446335293068653,0,False,True,False,False,True,False,False,False,False,False,True,True,False,-0.3369717134155097
C0173,1.0312885214154883,2,0.4817733506012824,1.3798459967523424,1.0469737665639027,0,False,True,False,True,False,False,False,False,True,False,False,True,False,-0.6062006656319203
C0174,-0.012525771515167854,0,-0.7672008755731544,-1.3003339904648978,-0.06446335293068653,0,True,False,False,False,True,False,False,False,False,False,True,True,False,1.3451808421734055
C0175,0.7529380433006466,2,0.8886793859811358,0.7098009999480325,0.8617342466481385,0,False,True,False,False,True,False,False,False,False,True,False,True,False,-0.17059618214446787
C0176,-0.08211339104387827,3,1.81197277198626,1.8265426612885494,1.973171366142728,0,False,True,True,False,False,False,False,False,False,False,True,True,False,-0.2747442021775315
C0177,0.822525662829357,2,1.2130785325049767,0.26310433541182576,0.12077616698507782,0,False,True,False,True,False,False,False,False,False,True,False,True,False,0.3124652153742316
C0178,-1.1955153035032449,1,-0.3328386517421485,-0.18359232912438098,-0.06446335293068653,0,True,False,True,False,False,False,False,False,True,False,False,True,False,-0.3461941198017164
C0179,1.4488142385877507,2,0.6984500338386017,0.7098009999480325,0.30601568690084296,0,False,True,False,False,False,False,True,False,True,False,False,True,False,-0.2623595312284265
C0180,0.057061848013542554,1,-0.44036827259548594,0.26310433541182576,-0.43494239276221686,1,False,True,True,False,False,False,False,False,True,False,False,True,False,-0.6623720658412467
C0181,-0.012525771515167854,2,2.7204345133150443,1.156497664484239,-0.06446335293068653,0,False,True,False,False,False,False,True,False,False,False,True,True,False,0.375054142244829
C0182,-1.2651029230319553,2,0.6792436020151638,0.4864526676799291,1.6026923263111976,1,True,False,False,False,False,False,True,False,True,False,False,True,False,-0.1504160682421368
C0183,-0.012525771515167854,2,0.8319054538844299,0.7098009999480325,1.4174528063954333,0,False,True,False,False,False,False,True,False,True,False,False,True,False,-0.19798294497145477
C0184,0.7529380433006466,0,-0.7935728249405269,-0.6302889936605877,-0.43494239276221686,1,False,True,True,False,False,False,False,False,True,False,False,True,False,-0.38013919196162355
C0185,-0.012525771515167854,0,-0.5533445579732463,-1.0769856581967945,0.6764947267323725,0,True,False,False,False,True,False,False,False,True,False,False,True,False,0.7804735472581327
C0186,-0.15170101057258867,0,-0.89938860475502,-0.6302889936605877,-0.9906609525095116,1,False,True,True,False,False,False,False,False,False,False,True,True,False,-0.4924353361221364
C0187,-1.1955153035032449,1,-0.3211160783347623,-0.18359232912438098,2.1584108860584936,0,True,False,True,False,False,False,False,False,True,False,False,True,False,-0.3373080579281213
C0188,-0.4300514886874303,1,0.45479285404038894,-0.6302889936605877,-0.2497028728464517,0,False,True,False,True,False,False,False,True,False,False,False,True,False,0.9446788313770544
C0189,-0.9171648253884032,1,-0.1354782251819827,-0.6302889936605877,0.12077616698507782,1,True,False,False,False,False,True,False,False,True,False,False,True,False,0.3182584021901949
C0190,-0.708401966802272,0,-1.0589878159165165,-0.18359232912438098,-1.1759004724252766,0,False,True,True,False,False,False,False,False,False,True,False,True,False,-0.8966369430684227
C0191,0.6833504237719362,2,0.4382032639197957,0.7098009999480325,0.8617342466481385,0,False,True,False,False,False,False,True,False,False,True,False,False,True,-0.3878980715591454
C0192,0.474587565185805,3,1.5460197198339132,2.4965876580928597,1.973171366142728,0,False,True,False,False,False,True,False,False,True,False,False,True,False,-0.5399069715021
C0193,0.40499994565709463,0,-0.6357731697626082,-1.0769856581967945,-0.8054214325937472,1,False,True,False,False,False,False,True,True,False,False,False,True,False,0.6346790465280797
C0194,-0.4996391082161407,2,0.5225079101382408,0.9331493322161358,1.973171366142728,1,False,True,True,False,False,False,False,True,False,False,False,True,False,-0.4419373474491638
C0195,1.657577097173882,1,-0.20367992243400518,0.9331493322161358,0.12077616698507782,0,True,False,False,True,False,False,False,True,False,False,False,True,False,-0.7630460929071753
C0196,-1.4738657816180865,1,-0.2524582940159515,-0.6302889936605877,0.12077616698507782,1,True,False,True,False,False,False,False,False,True,False,False,True,False,0.19411424621727974
C0197,-0.012525771515167854,0,-0.6881819259489934,-1.5236823227330012,-1.5463795122568071,0,False,True,False,False,True,False,False,False,True,False,False,True,False,4.593360320545643
C0198,-1.3346905425606657,2,0.3992359175030845,1.3798459967523424,1.0469737665639027,0,False,True,False,False,True,False,False,False,False,True,False,False,True,-0.6374835892660852
C0199,-0.5692267277448512,3,1.512058204541202,1.3798459967523424,1.2322132864796689,0,True,False,False,False,True,False,False,False,True,False,False,True,False,-0.21570727133295203
C0200,-0.012525771515167854,2,0.6729475568268529,0.7098009999480325,0.30601568690084296,0,True,False,False,False,False,False,True,False,False,False,True,False,True,-0.2746614850235552
C0201,-0.4300514886874303,3,1.9405068196977724,1.6031943290204458,0.8617342466481385,0,False,True,False,False,False,False,True,False,False,True,False,True,False,-0.14867807354790877
C0202,1.5184018581164611,3,1.871908550357795,2.049890993556653,2.343650405974258,0,False,True,True,False,False,False,False,False,False,True,False,True,False,-0.32715193769658296
C0203,-0.012525771515167854,0,-1.0819807961444246,-1.3003339904648978,-0.9906609525095116,0,True,False,False,False,False,False,True,False,False,False,True,True,False,0.5100367029609896
C0204,0.7529380433006466,1,-0.06309255136100544,-0.18359232912438098,-1.1759004724252766,1,True,False,False,False,False,True,False,False,False,False,True,False,True,-0.14171849360196417
C0205,-0.15170101057258867,1,2.7204345133150443,0.039756003143722386,-0.6201819126779821,1,True,False,False,False,False,False,True,False,True,False,False,False,True,1.5367801790087117
C0206,-0.8475772058596928,3,1.6536451275181765,1.3798459967523424,1.4174528063954333,0,False,True,False,False,True,False,False,False,True,False,False,True,False,-0.1620437064167105
C0207,0.9617009018867779,0,2.7204345133150443,-1.0769856581967945,-0.43494239276221686,1,True,False,False,False,False,True,False,False,False,True,False,True,False,6.570926338318871
C0208,1.7271647167025923,1,0.0962912949338783,-0.4069406613924843,0.30601568690084296,1,False,True,False,False,False,True,False,False,False,True,False,False,True,0.2229003629876139
C0209,-0.8475772058596928,2,0.7775019323403886,0.039756003143722386,1.2322132864796689,0,True,False,True,False,False,False,False,False,True,False,False,True,False,0.248079207437009
C0210,1.0312885214154883,0,-0.7205095815290652,-1.0769856581967945,-1.3611399923410419,0,True,False,True,False,False,False,False,False,False,True,False,False,True,0.48480265556426644
C0211,-0.8475772058596928,2,0.9343599532127389,0.7098009999480325,-0.06446335293068653,0,False,True,False,True,False,False,False,False,False,False,True,True,False,-0.14856066664691187
C0212,0.822525662829357,0,-0.156328675072897,-1.0769856581967945,-1.5463795122568071,1,False,True,False,False,True,False,False,False,False,False,True,False,True,1.4826900613160319
C0213,1.1008761409441987,3,1.3501238244003568,1.6031943290204458,1.0469737665639027,0,False,True,False,False,False,True,False,False,False,True,False,False,True,-0.35752447328797693
C0214,-0.15170101057258867,2,0.42692994441841464,0.7098009999480325,-0.06446335293068653,0,False,True,False,True,False,False,False,False,True,False,False,False,True,-0.3933361258924489
C0215,0.8921132823580675,0,-1.032587173503081,-1.0769856581967945,-1.7316190321725722,1,False,True,False,False,False,True,False,False,True,False,False,True,False,-0.06718039647544817
C0216,-0.7779895863309824,2,0.39819438926699013,0.9331493322161358,1.4174528063954333,0,False,True,False,False,False,False,True,False,False,True,False,True,False,-0.4969068153195364
C0217,-1.4738657816180865,0,-1.1505030493990414,-0.18359232912438098,-0.2497028728464517,0,False,True,False,False,True,False,False,False,True,False,False,True,False,-0.9660082320202014
C0218,-1.404278162089376,1,-0.3128065382530525,-0.4069406613924843,0.6764947267323725,1,True,False,False,False,False,False,True,False,False,True,False,True,False,-0.1388927877429229
C0219,-0.15170101057258867,1,-0.547139278250676,0.039756003143722386,-0.06446335293068653,0,True,False,False,False,True,False,False,False,False,True,False,False,True,-0.630523803181242
C0220,-0.012525771515167854,2,0.7012491817828486,0.7098009999480325,-0.06446335293068653,0,False,True,False,True,False,False,False,False,True,False,False,False,True,-0.2610092706768733
C0221,-1.3346905425606657,0,-0.861907753737249,-0.6302889936605877,-2.1020980720041016,1,True,False,True,False,False,False,False,False,True,False,False,False,True,-0.45265908482455974
C0222,-0.15170101057258867,0,-0.752189574702833,-0.18359232912438098,-0.2497028728464517,0,False,True,True,False,False,False,False,False,True,False,False,True,False,-0.6640746839643572
C0223,0.7529380433006466,2,0.7453802407360761,0.9331493322161358,0.8617342466481385,0,False,True,False,False,False,False,True,True,False,False,False,False,True,-0.34338673662155217
C0224,-1.056340064445824,1,-0.0821258887928805,-1.0769856581967945,0.49125520681660817,1,True,False,False,True,False,False,False,False,False,True,False,True,False,1.613935243585012
C0225,0.822525662829357,1,-0.33165533424169413,0.039756003143722386,0.30601568690084296,1,False,True,False,False,False,False,True,False,True,False,False,False,True,-0.4875984280438431
C0226,-0.708401966802272,0,-0.33304751954607387,-0.4069406613924843,-1.5463795122568071,1,True,False,False,False,False,False,True,True,False,False,False,False,True,-0.1567932697348036
C0227,1.1704637604729091,0,-0.8152091920483738,-0.853637325928691,-1.9168585520883366,0,False,True,False,False,False,False,True,False,False,True,False,False,True,-0.13294888624363532
C0228,0.3354123261283842,2,0.13965674429052524,1.156497664484239,0.12077616698507782,0,True,False,False,False,False,False,True,False,False,True,False,False,True,-0.6783418668188479
C0229,0.19623708707096338,0,-1.1312832801014914,-1.0769856581967945,-0.43494239276221686,1,True,False,True,False,False,False,False,True,False,False,False,True,False,-0.24174781030362083
C0230,-1.1259276839745345,0,-1.3199165278641727,-1.5236823227330012,-0.2497028728464517,1,False,True,True,False,False,False,False,False,True,False,False,True,False,1.24124402691631
C0231,-0.08211339104387827,3,1.7913577193827075,1.8265426612885494,0.49125520681660817,0,False,True,True,False,False,False,False,False,True,False,False,False,True,-0.28158093922629535
C0232,1.30963899953033,0,-0.906247720296376,-1.5236823227330012,-1.5463795122568071,0,True,False,False,False,False,False,True,False,False,True,False,True,False,3.43625748005056
C0233,-1.6826286402042177,2,0.4959176592837648,0.7098009999480325,0.12077616698507782,0,False,True,False,False,False,False,True,False,True,False,False,True,False,-0.36005764551918656
C0234,0.9617009018867779,0,-0.3612142693931775,-0.18359232912438098,-0.9906609525095116,0,False,True,True,False,False,False,False,False,False,True,False,True,False,-0.3677036881691578
C0235,-0.012525771515167854,2,0.755923078383947,-0.18359232912438098,-0.2497028728464517,0,True,False,False,False,False,False,True,False,True,False,False,True,False,0.47911989302477664
C0236,0.822525662829357,2,0.8011861003311314,0.039756003143722386,-0.43494239276221686,1,False,True,False,False,True,False,False,False,True,False,False,True,False,0.26378835277710444
C0237,0.6137628042432258,2,0.37768498869387535,0.26310433541182576,0.12077616698507782,1,False,True,False,False,False,False,True,False,True,False,False,True,False,-0.18006515722780492
C0238,-0.2212886301012991,0,-1.1304576141059264,-0.853637325928691,-0.8054214325937472,1,True,False,True,False,False,False,False,False,False,True,False,True,False,-0.5511424476365033
C0239,-0.6388143472735616,1,-0.2268223504529359,-0.4069406613924843,-0.9906609525095116,0,False,True,True,False,False,False,False,False,True,False,False,True,False,-0.06285109870519145
C0240,0.474587565185805,2,0.6598400188411188,1.3798459967523424,0.6764947267323725,0,False,True,True,False,False,False,False,False,True,False,False,True,False,-0.5387107307594654
C0241,-0.012525771515167854,0,-1.349512167914975,-0.4069406613924843,-0.06446335293068653,0,False,True,False,False,False,False,True,False,True,False,False,False,True,-1.0557223715458968
C0242,-0.012525771515167854,0,-0.9211982378495875,-0.6302889936605877,-1.7316190321725722,1,False,True,False,False,False,False,True,False,True,False,False,True,False,-0.5155806336039399
C0243,-1.4738657816180865,0,-0.8715233852486689,-0.853637325928691,-0.9906609525095116,0,False,True,False,False,False,True,False,False,True,False,False,True,False,-0.20765261626610643
C0244,0.5441751847145154,3,1.7319449640769533,2.049890993556653,2.1584108860584936,0,True,False,False,False,False,False,True,False,True,False,False,False,True,-0.37083876968774293
C0245,0.474587565185805,2,0.40775966885088316,0.26310433541182576,0.30601568690084296,0,False,True,True,False,False,False,False,False,True,False,False,True,False,-0.16233376160791294
C0246,-1.4738657816180865,1,-0.3741099834060375,0.26310433541182576,-0.43494239276221686,1,True,False,True,False,False,False,False,False,True,False,False,True,False,-0.6233075792837212
C0247,-0.012525771515167854,2,0.5704293876504384,0.26310433541182576,1.6026923263111976,0,False,True,True,False,False,False,False,False,False,True,False,False,True,-0.06642713436022853
C0248,-0.2908762496300095,1,-0.21302369634107754,0.26310433541182576,-0.2497028728464517,1,True,False,True,False,False,False,False,False,True,False,False,True,False,-0.5283345099118519
C0249,1.0312885214154883,1,-0.08166978958493269,0.26310433541182576,0.6764947267323725,0,True,False,False,False,False,True,False,True,False,False,False,True,False,-0.45089102340584875
C0250,-1.6130410206755073,1,0.03999164032174993,-0.18359232912438098,0.30601568690084296,1,True,False,False,False,False,True,False,True,False,False,False,True,False,-0.06357758770622043
C0251,-1.1259276839745345,1,-0.31145072375976357,-0.18359232912438098,-0.2497028728464517,0,False,True,False,False,False,False,True,False,True,False,False,False,True,-0.3299814295677001
C0252,-0.012525771515167854,0,-0.9916932994000278,-0.6302889936605877,-0.06446335293068653,0,False,True,True,False,False,False,False,False,True,False,False,False,True,-0.5903929499555338
C0253,-1.1259276839745345,2,0.7274726836933446,-0.6302889936605877,0.8617342466481385,0,True,False,False,False,False,False,True,False,True,False,False,True,False,1.2340581046201782
C0254,-0.5692267277448512,2,0.7717323281646769,0.9331493322161358,1.4174528063954333,0,False,True,True,False,False,False,False,False,False,True,False,False,True,-0.33173426138739026
C0255,0.6137628042432258,0,-0.986082360510382,-0.853637325928691,-1.1759004724252766,1,False,True,False,False,True,False,False,False,True,False,False,False,True,-0.35962110366258604
C0256,-1.2651029230319553,1,-0.03423801077696163,-0.18359232912438098,-0.06446335293068653,0,True,False,False,False,False,False,True,True,False,False,False,False,True,-0.11984588730184734
C0257,0.6833504237719362,0,-0.6247801531970059,-0.6302889936605877,-0.8054214325937472,0,False,True,True,False,False,False,False,False,False,False,True,False,True,-0.2010093284140657
C0258,-1.404278162089376,3,2.117026671324545,1.8265426612885494,1.973171366142728,0,True,False,False,True,False,False,False,False,False,False,True,True,False,-0.17357670405935768
C0259,-1.1259276839745345,3,2.2413892875652364,1.3798459967523424,0.6764947267323725,0,True,False,False,False,False,False,True,False,False,True,False,True,False,0.060720135212622095
C0260,0.3354123261283842,3,1.5655094268738463,1.8265426612885494,2.1584108860584936,0,False,True,True,False,False,False,False,True,False,False,False,True,False,-0.3564808397256674
C0261,1.1008761409441987,0,-0.8715678197700026,-0.853637325928691,-0.43494239276221686,0,True,False,False,False,True,False,False,False,True,False,False,True,False,-0.20771156098850674
C0262,-1.1955153035032449,0,-0.8722375089442334,-0.853637325928691,-1.7316190321725722,1,False,True,False,False,False,False,True,False,False,True,False,True,False,-0.20859993879217642
C0263,-0.708401966802272,0,-0.9001829404138485,-0.853637325928691,0.12077616698507782,0,False,True,False,False,False,False,True,False,True,False,False,False,True,-0.245671018909447
C0264,1.5879894776451715,0,-1.0410429863952826,-0.4069406613924843,0.8617342466481385,0,False,True,False,False,False,False,True,True,False,False,False,False,True,-0.7829220093051984
C0265,1.796752336231303,0,-1.2547646904571692,-1.3003339904648978,-0.06446335293068653,0,True,False,False,True,False,False,False,False,False,True,False,False,True,0.051622912069537334
C0266,0.3354123261283842,0,-0.8514347591405723,-0.853637325928691,0.30601568690084296,1,False,True,False,False,False,False,True,False,False,False,True,False,True,-0.1810040004195821
C0267,-0.15170101057258867,3,1.590569424077359,2.4965876580928597,1.4174528063954333,0,False,True,False,False,False,False,True,False,True,False,False,False,True,-0.5274653886453539
C0268,-0.4996391082161407,0,-0.8531434013251936,-1.5236823227330012,-2.1020980720041016,1,True,False,False,False,False,False,True,True,False,False,False,False,True,3.718040134262828
C0269,0.40499994565709463,0,-1.07804262190124,-0.853637325928691,-0.06446335293068653,1,False,True,False,False,False,False,True,False,False,True,False,False,True,-0.48161121218291064
C0270,0.3354123261283842,2,0.3346020249365832,0.4864526676799291,0.8617342466481385,0,True,False,False,False,True,False,False,False,False,True,False,True,False,-0.3332901173261753
C0271,-0.708401966802272,1,-0.1763517572411673,-0.4069406613924843,-0.43494239276221686,0,False,True,False,False,False,False,True,True,False,False,False,True,False,-0.01821650654644617
C0272,-1.6826286402042177,2,0.6541958959369023,0.26310433541182576,-0.06446335293068653,1,False,True,False,False,True,False,False,False,True,False,False,True,False,-0.0170401719596275
C0273,-1.2651029230319553,1,-0.08818893768485467,-0.18359232912438098,-0.06446335293068653,1,True,False,False,False,True,False,False,False,True,False,False,True,False,-0.16074230637133946
C0274,1.657577097173882,2,1.1742387031514705,1.6031943290204458,1.0469737665639027,0,False,True,False,False,False,True,False,False,True,False,False,True,False,-0.4197433627771135
C0275,-0.2908762496300095,1,-0.16536508217455675,-0.853637325928691,-1.1759004724252766,1,False,True,False,False,False,False,True,False,True,False,False,False,True,0.7291033990131535
C0276,-0.012525771515167854,1,-0.11226241638528948,-0.6302889936605877,-0.43494239276221686,0,False,True,False,False,False,True,False,False,True,False,False,True,False,0.3428959923115059
C0277,-0.08211339104387827,2,0.3402490622411858,0.039756003143722386,1.7879318462269636,1,True,False,False,False,True,False,False,False,True,False,False,False,True,-0.04194022197452982
C0278,1.0312885214154883,1,-0.5651058553472634,0.4864526676799291,-0.8054214325937472,0,True,False,False,False,False,False,True,False,True,False,False,True,False,-0.8106939884871106
C0279,-1.5434534011467969,0,-0.47061717401542336,-1.0769856581967945,-0.2497028728464517,0,True,False,False,False,False,True,False,True,False,False,False,True,False,0.9267964972509743
C0280,-1.4738657816180865,1,-0.4722295381916664,-0.18359232912438098,-0.43494239276221686,1,False,True,False,False,False,True,False,False,False,True,False,True,False,-0.45185658814891877
C0281,-0.7779895863309824,0,-1.1419063377827892,-1.0769856581967945,-0.43494239276221686,0,False,True,False,False,False,False,True,False,True,False,False,False,True,-0.26053720099273153
C0282,-0.012525771515167854,2,0.6056349268368845,0.26310433541182576,1.4174528063954333,1,False,True,False,True,False,False,False,False,False,True,False,True,False,-0.045670692726683
C0283,0.6137628042432258,0,-0.8981688596349536,-0.853637325928691,-0.2497028728464517,1,True,False,True,False,False,False,False,False,False,True,False,True,False,-0.24299923515122354
C0284,-0.012525771515167854,0,-1.1057610423883448,0.26310433541182576,-0.06446335293068653,0,False,True,False,False,True,False,False,False,False,True,False,True,False,-1.0546735760225168
C0285,-0.2212886301012991,0,-0.953057500092844,-0.18359232912438098,-1.7316190321725722,1,True,False,False,True,False,False,False,True,False,False,False,True,False,-0.8163385897985225
C0286,1.5879894776451715,2,0.9298019224577341,0.26310433541182576,1.4174528063954333,0,False,True,True,False,False,False,False,True,False,False,False,True,False,0.145451314764582
C0287,-1.1955153035032449,0,-1.081096539765467,-0.6302889936605877,-1.3611399923410419,1,True,False,False,False,False,True,False,False,True,False,False,False,True,-0.6852714188010591
C0288,0.2658247065996738,1,-0.5923903610324196,-0.6302889936605877,0.12077616698507782,0,False,True,True,False,False,False,False,False,True,False,False,True,False,-0.16663592232453978
C0289,0.19623708707096338,2,0.8565128807592275,-0.18359232912438098,0.8617342466481385,0,False,True,False,False,False,True,False,False,False,True,False,True,False,0.5553699770887637
C0290,-0.08211339104387827,0,-0.7493099003912552,-0.4069406613924843,-0.43494239276221686,1,True,False,False,False,True,False,False,False,False,True,False,False,True,-0.5249225192186506
C0291,1.1008761409441987,2,0.4570493174879407,1.156497664484239,0.8617342466481385,0,True,False,False,False,False,False,True,False,False,True,False,False,True,-0.5487917467250198
C0292,-0.012525771515167854,0,-1.2794527337438208,-0.4069406613924843,-1.3611399923410419,0,True,False,True,False,False,False,False,False,True,False,False,True,False,-0.9937640296262549
C0293,1.657577097173882,0,-1.0654129701226533,-1.0769856581967945,-1.7316190321725722,0,False,True,True,False,False,False,False,False,False,True,False,True,False,-0.1252405836522809
C0294,-0.5692267277448512,1,-0.2502083134798743,-0.18359232912438098,0.49125520681660817,0,False,True,False,False,False,False,True,False,True,False,False,True,False,-0.2835578476353997
C0295,-0.012525771515167854,3,2.084822872881661,2.049890993556653,1.6026923263111976,1,True,False,False,False,False,False,True,False,True,False,False,True,False,-0.26069499354578113
C0296,0.12664946754225298,0,-1.1400249058149448,-0.6302889936605877,0.12077616698507782,1,True,False,True,False,False,False,False,False,True,False,False,True,False,-0.7478086727024784
C0297,1.30963899953033,1,-0.2578278454934439,-0.4069406613924843,-0.06446335293068653,0,False,True,False,False,False,False,True,False,True,False,False,True,False,-0.09027137530083829
C0298,-0.2212886301012991,0,-0.7025819617356012,-1.5236823227330012,-1.9168585520883366,0,True,False,False,False,False,False,True,False,True,False,False,False,True,4.5169507104929485
C0299,-0.7779895863309824,1,-0.8447766898335908,-0.18359232912438098,0.6764947267323725,0,True,False,False,False,True,False,False,False,False,False,True,True,False,-0.734258491321128
C0300,-1.6826286402042177,1,0.02796258430880037,0.26310433541182576,-0.2497028728464517,0,True,False,False,False,True,False,False,False,True,False,False,True,False,-0.38625409346647155
C0301,-0.012525771515167854,1,-0.5384112190171808,-0.6302889936605877,0.12077616698507782,0,True,False,False,False,True,False,False,False,True,False,False,False,True,-0.10935099257180522
C0302,1.1704637604729091,1,-0.15138461549395646,0.039756003143722386,-0.6201819126779821,0,True,False,True,False,False,False,False,False,False,True,False,True,False,-0.36802914773479617
C0303,-1.752216259732928,0,-0.8120781047976986,-0.6302889936605877,0.49125520681660817,1,False,True,False,False,False,True,False,False,False,False,True,False,True,-0.3997777711812321
C0304,1.4488142385877507,1,0.04094491389771716,0.26310433541182576,-0.8054214325937472,0,False,True,False,False,True,False,False,False,True,False,False,True,False,-0.3785999863967653
C0305,0.19623708707096338,1,-0.0954359055076468,0.26310433541182576,-0.2497028728464517,0,False,True,False,False,False,False,True,False,False,False,True,True,False,-0.4590072343281471
C0306,-1.2651029230319553,1,-0.8437603802001508,-0.4069406613924843,-0.06446335293068653,0,False,True,False,False,False,False,True,True,False,False,False,True,False,-0.6084515284335617
C0307,-0.708401966802272,0,-1.075675070799714,-1.5236823227330012,-1.5463795122568071,1,False,True,False,False,True,False,False,False,False,True,False,True,False,2.537240423699826
C0308,0.19623708707096338,1,-0.20090901132096364,-0.4069406613924843,0.12077616698507782,1,True,False,False,False,False,False,True,False,False,True,False,True,False,-0.039934163317217206
C0309,-0.6388143472735616,1,-0.28605662258758846,0.26310433541182576,1.0469737665639027,1,True,False,True,False,False,False,False,False,True,False,False,True,False,-0.5713931792574518
C0310,-1.404278162089376,0,-0.7530630503628581,-1.0769856581967945,-1.1759004724252766,0,False,True,False,True,False,False,False,True,False,False,False,True,False,0.42722414450329643
C0311,0.6137628042432258,0,-0.6733918087337883,-1.0769856581967945,-0.43494239276221686,0,True,False,False,False,False,False,True,False,True,False,False,True,False,0.5681415837722753
C0312,0.6137628042432258,1,-0.08073441330688465,-1.0769856581967945,-2.1020980720041016,0,False,True,False,False,False,False,True,True,False,False,False,False,True,1.616396397174221
C0313,-1.3346905425606657,2,0.5608675481270807,1.6031943290204458,0.6764947267323725,1,False,True,False,True,False,False,False,False,False,True,False,False,True,-0.6367217623103154
C0314,-0.7779895863309824,0,-1.3469631048512403,-0.4069406613924843,-0.9906609525095116,1,True,False,False,False,True,False,False,False,True,False,False,True,False,-1.053468061005909
C0315,-0.9171648253884032,2,0.499225697953357,1.156497664484239,0.12077616698507782,0,False,True,False,False,False,False,True,False,True,False,False,False,True,-0.531576614375281
C0316,0.6137628042432258,1,-0.1298226314047333,0.26310433541182576,0.6764947267323725,1,False,True,False,False,False,True,False,False,False,True,False,True,False,-0.47928092095659647
C0317,0.822525662829357,2,0.336955980110747,0.9331493322161358,0.49125520681660817,0,True,False,False,False,False,True,False,False,False,True,False,True,False,-0.523985468879942
C0318,0.822525662829357,1,-0.07490184790156758,-0.18359232912438098,-0.2497028728464517,1,True,False,True,False,False,False,False,False,True,False,False,True,False,-0.15067029420889808
C0319,1.5879894776451715,1,-0.004082384437443493,-0.18359232912438098,-0.43494239276221686,1,False,True,False,False,True,False,False,False,False,False,True,False,True,-0.09698701901605482
C0320,0.9617009018867779,1,-0.2038065505384624,-0.4069406613924843,-1.5463795122568071,1,False,True,False,False,False,False,True,True,False,False,False,True,False,-0.042496655117033606
C0321,-0.6388143472735616,3,1.0039587454066012,2.9432843226290664,0.49125520681660817,0,True,False,False,False,False,False,True,False,False,True,False,True,False,-0.7667588909674069
C0322,-1.404278162089376,1,-0.562852082291862,0.039756003143722386,0.6764947267323725,0,False,True,False,False,True,False,False,False,False,True,False,True,False,-0.6409457323991021
C0323,0.40499994565709463,1,0.2457997471971992,-0.4069406613924843,-1.5463795122568071,1,True,False,False,False,False,False,True,False,True,False,False,False,True,0.35512089709265976
C0324,1.5184018581164611,1,-0.3758995465037772,0.039756003143722386,-0.6201819126779821,0,False,True,False,False,True,False,False,False,False,False,True,True,False,-0.5169445617629909
C0325,1.7271647167025923,2,0.10856612594721243,0.26310433541182576,-0.06446335293068653,0,False,True,False,False,False,True,False,False,True,False,False,False,True,-0.33873194933413964
C0326,-0.9867524449171136,0,-0.5594440438410212,-0.18359232912438098,0.49125520681660817,1,True,False,False,False,False,False,True,True,False,False,False,True,False,-0.517967796545095
C0327,-0.9171648253884032,1,-0.23281512779843033,-0.4069406613924843,0.49125520681660817,1,False,True,False,False,True,False,False,False,True,False,False,False,True,-0.0681509209520188
C0328,-1.6826286402042177,1,0.0461465367216941,0.039756003143722386,-0.43494239276221686,1,False,True,False,False,False,False,True,False,False,True,False,True,False,-0.2370114324169082
C0329,-1.2651029230319553,3,1.857706343490799,2.2732393258247563,2.343650405974258,0,False,True,False,False,False,True,False,False,True,False,False,False,True,-0.39559168587406607
C0330,0.19623708707096338,1,-0.11904044827950441,0.039756003143722386,-0.6201819126779821,0,True,False,False,False,False,False,True,False,True,False,False,True,False,-0.3465760308731537
C0331,0.19623708707096338,1,-0.1434588476208311,-0.18359232912438098,0.6764947267323725,0,True,False,False,False,True,False,False,False,False,False,True,False,True,-0.20263855409538153
C0332,-0.4300514886874303,3,1.9651754443479477,1.8265426612885494,0.49125520681660817,0,True,False,False,False,True,False,False,False,False,True,False,True,False,-0.2239363577229267
C0333,-0.6388143472735616,1,0.3457840193742505,-0.18359232912438098,0.6764947267323725,0,True,False,True,False,False,False,False,False,False,True,False,True,False,0.1682221977421074
C0334,1.2400513800016195,0,-0.6269725741211976,-1.0769856581967945,-1.1759004724252766,1,True,False,False,False,True,False,False,True,False,False,False,True,False,0.6502449819455695
C0335,-0.012525771515167854,0,-1.27898565348646,-1.0769856581967945,-1.5463795122568071,1,False,True,False,False,True,False,False,True,False,False,False,False,True,-0.5029944007391588
C0336,1.1704637604729091,0,-0.7609723246728903,-0.18359232912438098,-0.9906609525095116,1,False,True,False,False,True,False,False,True,False,False,False,False,True,-0.6707322715897052
C0337,1.7271647167025923,0,-0.5834067172999089,-0.853637325928691,-0.6201819126779821,1,False,True,False,False,False,True,False,False,True,False,False,False,True,0.174549250692459
C0338,-0.6388143472735616,1,0.07112982568098442,-0.6302889936605877,-0.43494239276221686,0,True,False,False,True,False,False,False,False,False,True,False,True,False,0.5375195322891726
C0339,-1.056340064445824,2,0.5066052166610469,0.4864526676799291,1.0469737665639027,0,True,False,True,False,False,False,False,True,False,False,False,True,False,-0.24202161631517
C0340,1.657577097173882,2,0.9133360891032031,1.156497664484239,-0.06446335293068653,0,False,True,True,False,False,False,False,False,True,False,False,False,True,-0.362549184511016
C0341,0.5441751847145154,0,-0.6380289562153935,-0.6302889936605877,-0.43494239276221686,1,True,False,False,False,False,False,True,False,True,False,False,True,False,-0.2150695139205691
C0342,-0.708401966802272,1,0.42119543048950797,0.039756003143722386,0.30601568690084296,1,False,True,False,False,False,True,False,False,False,False,True,False,True,0.011749578911141968
C0343,0.474587565185805,0,-1.0667874502824275,-1.0769856581967945,-0.8054214325937472,1,False,True,True,False,False,False,False,False,False,True,False,True,False,-0.1276716769863493
C0344,0.057061848013542554,3,1.6572582034222034,2.049890993556653,1.0469737665639027,0,True,False,True,False,False,False,False,False,False,True,False,True,False,-0.3941507471197949
C0345,1.5184018581164611,0,2.7204345133150443,-1.0769856581967945,-0.6201819126779821,1,True,False,False,False,False,False,True,False,True,False,False,True,False,6.570926338318871
C0346,-0.8475772058596928,1,-0.36150771537445575,-0.4069406613924843,0.30601568690084296,0,True,False,False,False,False,True,False,False,False,True,False,True,False,-0.18196256442146955
C0347,1.796752336231303,0,-1.1025702255545737,-0.4069406613924843,0.6764947267323725,0,True,False,True,False,False,False,False,False,False,True,False,True,False,-0.8373347485215897
C0348,1.5879894776451715,1,-0.9422480427040452,0.26310433541182576,0.6764947267323725,1,True,False,False,False,True,False,False,False,True,False,False,True,False,-0.9582697681927599
C0349,-1.1259276839745345,1,-0.3473185320683145,-0.6302889936605877,0.6764947267323725,1,False,True,False,False,False,False,True,False,False,True,False,False,True,0.09344458252341817
C0350,-1.1955153035032449,2,0.7100187814974341,0.26310433541182576,2.343650405974258,0,False,True,False,True,False,False,False,False,True,False,False,True,False,0.015871821230334787
C0351,0.12664946754225298,0,-1.0011656686816137,-0.853637325928691,-0.43494239276221686,1,False,True,False,False,False,False,True,False,False,False,True,True,False,-0.37962990282022935
C0352,-1.6130410206755073,3,2.2815270692004566,2.4965876580928597,1.7879318462269636,0,False,True,False,False,False,False,True,False,False,False,True,True,False,-0.33449874749047137
C0353,-0.708401966802272,1,-0.2328099601455376,-1.0769856581967945,0.49125520681660817,0,False,True,False,False,False,True,False,False,True,False,False,False,True,1.3474148148900382
C0354,-0.2212886301012991,2,0.9455578363609571,0.9331493322161358,-0.06446335293068653,0,True,False,False,True,False,False,False,False,True,False,False,False,True,-0.2548713777615402
C0355,1.7271647167025923,2,0.682434609405598,0.039756003143722386,0.30601568690084296,0,True,False,False,False,False,False,True,True,False,False,False,True,False,0.1850233131509975
C0356,1.796752336231303,3,1.9981215380029667,1.6031943290204458,1.0469737665639027,0,False,True,True,False,False,False,False,False,True,False,False,True,False,-0.12829702161057036
C0357,-1.2651029230319553,0,-0.8037575914912861,-1.0769856581967945,-0.2497028728464517,0,True,False,False,False,True,False,False,False,False,True,False,True,False,0.33755885531408614
C0358,-0.012525771515167854,0,-0.5253177272929795,-1.0769856581967945,-0.9906609525095116,1,True,False,False,False,False,True,False,False,False,True,False,True,False,0.8300456278424444
C0359,-1.4738657816180865,0,-0.8608239310961622,-1.0769856581967945,-0.6201819126779821,1,False,True,True,False,False,False,False,False,False,True,False,True,False,0.2366235330931398
C0360,0.8921132823580675,0,-0.7483327042597169,-0.853637325928691,-0.06446335293068653,1,False,True,True,False,False,False,False,False,True,False,False,False,True,-0.044233718633123635
C0361,1.2400513800016195,1,-0.1426094579278138,-0.4069406613924843,0.49125520681660817,1,False,True,False,False,True,False,False,False,False,True,False,True,False,0.01162411296104658
C0362,1.4488142385877507,3,1.7132545059175872,1.156497664484239,1.2322132864796689,0,False,True,False,False,True,False,False,False,True,False,False,False,True,-0.03604650072228196
C0363,-0.9867524449171136,3,1.8904236235031648,2.2732393258247563,0.8617342466481385,0,True,False,False,False,False,True,False,False,False,True,False,False,True,-0.385946977560005
C0364,1.4488142385877507,1,0.33478379175449285,0.26310433541182576,0.8617342466481385,1,False,True,False,False,True,False,False,False,True,False,False,False,True,-0.20535879598066234
C0365,-1.3346905425606657,1,-0.30532994481659304,0.26310433541182576,0.49125520681660817,1,False,True,False,False,False,False,True,False,True,False,False,True,False,-0.5827563225915798
C0366,0.057061848013542554,2,0.7228239106389258,0.039756003143722386,-0.43494239276221686,0,False,True,False,True,False,False,False,False,False,True,False,True,False,0.21181257606735737
C0367,-0.08211339104387827,3,2.108361384009053,2.049890993556653,1.2322132864796689,0,False,True,False,False,False,True,False,False,True,False,False,True,False,-0.25334791843668064
C0368,-0.6388143472735616,0,-0.5837204096767873,-0.6302889936605877,-0.6201819126779821,1,False,True,False,False,False,True,False,False,True,False,False,True,False,-0.15743500627020873
C0369,-1.6826286402042177,1,-0.23323402939696825,-0.6302889936605877,0.49125520681660817,0,True,False,False,False,False,False,True,False,True,False,False,True,False,0.21451584222515138
C0370,1.0312885214154883,2,0.006536330675309865,0.7098009999480325,1.4174528063954333,1,True,False,False,False,False,False,True,False,True,False,False,True,False,-0.5961267336303694
C0371,-0.5692267277448512,0,-0.7430728112045203,-0.853637325928691,-0.6201819126779821,1,True,False,False,False,True,False,False,False,True,False,False,True,False,-0.03725619470154714
C0372,0.6137628042432258,1,-0.8034294089856365,0.7098009999480325,0.30601568690084296,1,True,False,False,False,False,False,True,True,False,False,False,True,False,-0.9868401964973625
C0373,-0.2908762496300095,3,2.1625798209723706,2.719935990360963,1.4174528063954333,0,True,False,False,True,False,False,False,False,False,True,False,True,False,-0.42351713826046966
C0374,-0.4300514886874303,3,1.8302378983769345,1.156497664484239,0.8617342466481385,0,True,False,True,False,False,False,False,False,False,False,True,True,False,0.011702608179095854
C0375,1.4488142385877507,3,2.042400979699253,2.9432843226290664,1.2322132864796689,0,False,True,False,False,True,False,False,True,False,False,False,True,False,-0.5043687818620476
C0376,-1.4738657816180865,2,0.38508650672229167,0.26310433541182576,-0.06446335293068653,0,False,True,False,False,False,True,False,False,True,False,False,True,False,-0.17570137867174151
C0377,0.8921132823580675,0,-1.271873043464587,-0.4069406613924843,-0.8054214325937472,1,False,True,True,False,False,False,False,False,False,True,False,True,False,-0.9870607919035738
C0378,0.8921132823580675,0,-0.8084821087228546,-0.4069406613924843,-2.287337591919867,1,False,True,True,False,False,False,False,True,False,False,False,True,False,-0.577252543851636
C0379,-0.4300514886874303,1,-0.2448158156262615,-0.6302889936605877,-0.43494239276221686,1,False,True,False,False,True,False,False,False,False,True,False,False,True,0.202224764861066
C0380,-0.8475772058596928,1,-0.36184471168671756,0.039756003143722386,-0.06446335293068653,0,False,True,False,False,True,False,False,False,False,True,False,True,False,-0.5076223240994799
C0381,-1.752216259732928,1,-0.21459249225898075,-0.18359232912438098,-0.2497028728464517,0,True,False,True,False,False,False,False,False,False,True,False,True,False,-0.25655998803160723
C0382,1.5879894776451715,1,0.4710081173439595,0.039756003143722386,-0.2497028728464517,0,False,True,False,False,True,False,False,False,True,False,False,True,False,0.04478914939059032
C0383,1.657577097173882,1,-0.022959771358778542,-0.18359232912438098,0.30601568690084296,0,True,False,False,True,False,False,False,False,False,True,False,True,False,-0.11129664390516718
C0384,-0.9171648253884032,2,0.8838331493169668,1.156497664484239,-0.06446335293068653,0,True,False,True,False,False,False,False,True,False,False,False,False,True,-0.37459139883860393
C0385,-1.6826286402042177,0,-0.659446002257729,-0.853637325928691,-2.1020980720041016,1,False,True,False,False,False,False,True,True,False,False,False,True,False,0.07367915220082373
C0386,-1.3346905425606657,0,-0.49703336477451865,-0.853637325928691,-0.9906609525095116,0,False,True,True,False,False,False,False,False,True,False,False,False,True,0.28912803166234535
C0387,-1.5434534011467969,0,-0.9236936580758984,-0.4069406613924843,-0.2497028728464517,1,True,False,True,False,False,False,False,False,False,False,True,True,False,-0.6791419846151568
C0388,1.2400513800016195,0,-1.4002272978893677,-0.6302889936605877,0.49125520681660817,1,True,False,False,False,False,False,True,False,True,False,False,False,True,-1.0239463658000973
C0389,1.4488142385877507,2,0.567432491530159,0.9331493322161358,1.2322132864796689,0,True,False,False,False,False,False,True,True,False,False,False,True,False,-0.4220724098614771
C0390,-1.2651029230319553,1,-0.028783863449693275,-0.4069406613924843,-1.1759004724252766,0,True,False,False,False,True,False,False,False,True,False,False,True,False,0.11228785918333095
C0391,0.8921132823580675,0,-1.1229584360499683,-1.3003339904648978,-0.9906609525095116,1,True,False,True,False,False,False,False,True,False,False,False,True,False,0.4013187271010162
C0392,-1.1259276839745345,2,0.5705554391484968,0.4864526676799291,-0.06446335293068653,0,False,True,False,True,False,False,False,False,False,False,True,False,True,-0.2080882870133528
C0393,-0.4300514886874303,1,-0.41301452180456216,-0.4069406613924843,0.12077616698507782,0,False,True,False,False,False,False,True,False,True,False,False,True,False,-0.2275135506910576
C0394,0.40499994565709463,0,-0.49126619263475124,-0.4069406613924843,-0.43494239276221686,1,False,True,False,False,False,False,True,False,True,False,False,True,False,-0.2967168469271604
C0395,0.822525662829357,0,-0.6835909529399911,-0.4069406613924843,-1.5463795122568071,0,False,True,False,False,False,True,False,False,False,False,True,True,False,-0.4668027661124956
C0396,1.3792266190590403,0,-0.7086141284451619,-0.853637325928691,-0.8054214325937472,0,False,True,False,False,False,True,False,False,True,False,False,True,False,0.008455054763207655
C0397,-1.6130410206755073,1,-0.07737395292471203,0.4864526676799291,0.30601568690084296,0,False,True,False,False,False,False,True,False,False,True,False,False,True,-0.5518932116930317
C0398,-1.056340064445824,0,-0.8846388883942747,-0.18359232912438098,-0.2497028728464517,0,True,False,False,False,False,False,True,True,False,False,False,True,False,-0.764475232178096
C0399,-0.7779895863309824,0,-0.82463279719649,-0.853637325928691,-1.3611399923410419,0,True,False,False,False,False,False,True,False,False,True,False,False,True,-0.14544979258387833
C0400,-0.6388143472735616,0,-1.178001274236575,-1.3003339904648978,-0.9906609525095116,0,False,True,True,False,False,False,False,False,True,False,False,False,True,0.2552843052302155
C0401,1.796752336231303,1,-0.7949877936811809,0.4864526676799291,-0.06446335293068653,0,True,False,True,False,False,False,False,False,False,True,False,True,False,-0.9326741663599197
C0402,1.0312885214154883,0,-0.8367653830425794,-0.853637325928691,-1.1759004724252766,1,True,False,False,False,False,False,True,False,True,False,False,True,False,-0.1615443038609389
C0403,-0.6388143472735616,2,0.6984247424173673,0.7098009999480325,0.30601568690084296,0,True,False,False,False,False,False,True,True,False,False,False,False,True,-0.2623717313725652
C0404,1.7271647167025923,0,-0.566084123509756,-1.0769856581967945,-0.06446335293068653,1,False,True,True,False,False,False,False,False,True,False,False,False,True,0.7579406117082836
C0405,-0.012525771515167854,1,0.1653369149390165,-0.6302889936605877,0.12077616698507782,0,True,False,False,True,False,False,False,False,True,False,False,False,True,0.6374960470850622
C0406,0.057061848013542554,1,0.16499515122835215,-0.853637325928691,-0.06446335293068653,1,False,True,False,False,True,False,False,False,True,False,False,False,True,1.1673435705186583
C0407,-0.2212886301012991,1,-0.491279697555364,0.039756003143722386,-1.7316190321725722,1,True,False,True,False,False,False,False,False,True,False,False,True,False,-0.5934734718323667
C0408,-1.2651029230319553,0,-0.9651432332381213,-1.3003339904648978,-0.6201819126779821,1,True,False,False,False,False,False,True,False,True,False,False,False,True,0.820019009723052
C0409,1.5879894776451715,2,0.7383794849486293,2.049890993556653,-0.06446335293068653,0,True,False,False,False,False,False,True,True,False,False,False,True,False,-0.6809603471086052
C0410,-1.752216259732928,2,1.2626717227396318,0.26310433541182576,1.0469737665639027,0,True,False,False,False,False,False,True,False,False,False,True,False,True,0.34170431190036143
C0411,-1.1259276839745345,0,-0.4968705599575538,-1.5236823227330012,-1.7316190321725722,1,False,True,False,False,False,True,False,False,False,False,True,False,True,5.60849855288596
C0412,-0.9867524449171136,0,-0.5890503273683574,-0.6302889936605877,-0.8054214325937472,0,True,False,False,False,False,True,False,True,False,False,False,True,False,-0.16309133849689086
C0413,-0.7779895863309824,3,1.687825991497408,2.4965876580928597,1.2322132864796689,0,True,False,False,True,False,False,False,False,True,False,False,False,True,-0.5003041389251097
C0414,-1.3346905425606657,1,-0.46193568255396156,-0.18359232912438098,0.12077616698507782,1,False,True,False,True,False,False,False,True,False,False,False,True,False,-0.4440535371518682
C0415,-1.752216259732928,0,-0.6735090254384212,-0.6302889936605877,-0.06446335293068653,0,False,True,False,True,False,False,False,False,True,False,False,True,False,-0.25272245165139684
C0416,0.6833504237719362,0,-1.1564007875853792,-1.5236823227330012,-0.9906609525095116,0,True,False,False,True,False,False,False,False,False,False,True,True,False,2.108892839553299
C0417,1.7271647167025923,1,-0.29716220658785103,-0.4069406613924843,-1.1759004724252766,1,False,True,False,False,False,False,True,False,False,True,False,True,False,-0.12505743691709625
C0418,-1.3346905425606657,2,0.5862946559974064,0.26310433541182576,-0.43494239276221686,0,False,True,False,False,False,False,True,False,False,True,False,False,True,-0.05707330754620367
C0419,-0.708401966802272,1,0.17085087272256705,-1.0769856581967945,-0.43494239276221686,0,True,False,True,False,False,False,False,True,False,False,False,True,False,2.061384495013633
C0420,0.057061848013542554,3,1.6962825243317519,1.8265426612885494,-0.06446335293068653,0,False,True,False,False,True,False,False,True,False,False,False,True,False,-0.3131114970630147
C0421,-0.012525771515167854,1,-0.8595944456735869,-1.0769856581967945,-0.43494239276221686,0,False,True,False,False,False,False,True,False,False,False,True,True,False,0.23879816893193437
C0422,0.7529380433006466,0,-0.7462054670248117,-1.5236823227330012,-0.2497028728464517,1,False,True,False,False,False,True,False,False,False,True,False,False,True,4.285475242120833
C0423,0.9617009018867779,1,-0.41486784600318527,-0.4069406613924843,-0.06446335293068653,1,True,False,False,False,True,False,False,False,False,True,False,True,False,-0.22915257184138124
C0424,0.3354123261283842,0,-0.8642249608250925,-1.3003339904648978,-1.5463795122568071,1,True,False,True,False,False,False,False,False,True,False,False,False,True,1.0877657694027272
C0425,-0.2908762496300095,0,2.7204345133150443,-0.6302889936605877,-0.9906609525095116,1,True,False,False,False,False,False,True,False,True,False,False,False,True,3.3490727963603684
C0426,-1.056340064445824,0,-0.9450664455374017,-0.6302889936605877,-0.6201819126779821,1,False,True,False,False,False,False,True,False,True,False,False,True,False,-0.5409105767944803
C0427,1.30963899953033,0,-0.6731428899854895,-0.4069406613924843,-0.6201819126779821,0,False,True,False,False,False,False,True,False,True,False,False,False,True,-0.45756283055504443
C0428,1.1008761409441987,2,0.22389326039081855,1.156497664484239,2.1584108860584936,0,True,False,False,False,False,True,False,False,True,False,False,False,True,-0.6439590497694679
C0429,-1.6826286402042177,0,-1.0072459669612595,-0.4069406613924843,-1.3611399923410419,1,True,False,False,False,True,False,False,False,False,False,True,False,True,-0.7530329970582204
C0430,0.822525662829357,1,-0.06141787117308918,-0.18359232912438098,-0.06446335293068653,0,False,True,False,False,True,False,False,False,False,True,False,True,False,-0.14044903584289117
C0431,-1.4738657816180865,1,-0.3931616199025745,0.039756003143722386,0.30601568690084296,1,False,True,False,False,False,False,True,True,False,False,False,False,True,-0.5283940844989845
C0432,0.8921132823580675,1,-0.6473693201739243,0.039756003143722386,-0.06446335293068653,1,False,True,True,False,False,False,False,False,False,True,False,True,False,-0.6970040061856959
C0433,-0.012525771515167854,2,0.7864806054367726,0.7098009999480325,0.30601568690084296,0,True,False,True,False,False,False,False,False,True,False,False,False,True,-0.21989510615079308
C0434,-1.3346905425606657,2,0.9026410950544359,0.4864526676799291,-0.43494239276221686,1,False,True,False,False,False,True,False,False,True,False,False,True,False,-0.03187667304316441
C0435,-0.2212886301012991,2,0.6041280922517712,0.4864526676799291,0.30601568690084296,0,True,False,False,False,False,True,False,False,True,False,False,False,True,-0.19027393314597335
C0436,-1.3346905425606657,0,-1.376226523761133,-1.3003339904648978,-1.5463795122568071,0,False,True,False,False,False,False,True,True,False,False,False,True,False,-0.2706280689895741
C0437,0.2658247065996738,1,-0.05581304756628657,0.039756003143722386,-1.3611399923410419,0,True,False,False,True,False,False,False,False,True,False,False,False,True,-0.3046387997376282
C0438,1.5879894776451715,1,-0.6604234480225977,-0.18359232912438098,-0.6201819126779821,0,True,False,False,False,False,False,True,False,False,True,False,False,True,-0.5945132104514721
C0439,-1.4738657816180865,0,-0.7962039219570007,-1.0769856581967945,-1.5463795122568071,0,True,False,False,False,False,True,False,True,False,False,False,False,True,0.3509193069160755
C0440,-0.3604638691587199,0,-1.1019167866312936,-1.0769856581967945,-0.43494239276221686,0,False,True,False,False,False,False,True,True,False,False,False,False,True,-0.18980621914082488
C0441,1.7271647167025923,0,-1.171524118284486,-1.3003339904648978,-0.43494239276221686,1,False,True,False,False,False,False,True,False,True,False,False,False,True,0.2724688792091871
C0442,-0.708401966802272,1,-0.349161233613201,0.26310433541182576,-0.8054214325937472,1,True,False,False,False,False,True,False,False,True,False,False,True,False,-0.608598323840637
C0443,-1.3346905425606657,1,-0.28307112677849416,-0.18359232912438098,-0.2497028728464517,1,False,True,False,False,False,False,True,False,True,False,False,True,False,-0.3084688447487081
C0444,-0.012525771515167854,0,-1.0397512325943836,-1.3003339904648978,-2.1020980720041016,1,True,False,True,False,False,False,False,False,True,False,False,False,True,0.6220761635349366
C0445,0.057061848013542554,2,0.7660738876156108,1.156497664484239,0.30601568690084296,0,True,False,True,False,False,False,False,False,True,False,False,True,False,-0.42265719427258297
C0446,0.6137628042432258,3,1.6729317924443037,1.6031943290204458,1.7879318462269636,0,True,False,False,False,False,False,True,False,False,True,False,True,False,-0.24333202115032246
C0447,-0.6388143472735616,0,-0.6246254059107262,-1.5236823227330012,-0.2497028728464517,1,False,True,False,False,True,False,False,True,False,False,False,False,True,4.930604545795885
C0448,1.657577097173882,3,1.8587833841008332,2.2732393258247563,0.8617342466481385,0,True,False,False,False,False,True,False,False,True,False,False,True,False,-0.3952741856869401
C0449,0.12664946754225298,0,-1.0533849075013646,-1.0769856581967945,-0.06446335293068653,1,False,True,False,False,False,True,False,False,False,True,False,False,True,-0.10396610933380246
C0450,-0.7779895863309824,3,1.5656311369118225,1.6031943290204458,0.30601568690084296,0,True,False,True,False,False,False,False,False,True,False,False,False,True,-0.28128934000300854
C0451,1.657577097173882,3,1.3658992800298737,1.8265426612885494,0.49125520681660817,0,True,False,True,False,False,False,False,False,False,False,True,True,False,-0.42267917123039633
C0452,1.5879894776451715,0,-0.8008208317870653,-0.4069406613924843,-0.2497028728464517,1,True,False,False,False,False,False,True,False,False,True,False,True,False,-0.5704771534770997
C0453,-0.012525771515167854,2,0.525009743706989,0.7098009999480325,1.973171366142728,0,False,True,False,False,False,False,True,True,False,False,False,True,False,-0.3460241271980599
C0454,-1.6826286402042177,3,1.18069764918861,1.3798459967523424,1.7879318462269636,0,True,False,False,False,False,False,True,True,False,False,False,True,False,-0.341297885910666
C0455,0.40499994565709463,3,1.650022299679382,2.049890993556653,1.4174528063954333,0,False,True,False,True,False,False,False,False,True,False,False,True,False,-0.3964092896415803
C0456,-0.012525771515167854,3,2.7204345133150443,1.6031943290204458,-0.2497028728464517,1,False,True,False,False,False,True,False,False,True,False,False,False,True,0.12721925440186735
C0457,-1.2651029230319553,1,0.1664464842335655,0.7098009999480325,-1.5463795122568071,0,True,False,False,False,False,True,False,False,True,False,False,False,True,-0.5189888415134848
C0458,-0.012525771515167854,0,-1.3102758163965105,-0.853637325928691,-0.6201819126779821,1,False,True,True,False,False,False,False,False,False,True,False,False,True,-0.7896807214472255
C0459,1.2400513800016195,2,0.24728028210480793,-0.18359232912438098,0.49125520681660817,0,False,True,True,False,False,False,False,True,False,False,False,False,True,0.09355341353085973
C0460,-1.404278162089376,1,0.047431769978008693,0.039756003143722386,-0.8054214325937472,0,True,False,True,False,False,False,False,False,True,False,False,False,True,-0.2361589677651095
C0461,0.822525662829357,1,0.1105014677369714,0.7098009999480325,-0.06446335293068653,0,True,False,True,False,False,False,False,False,False,False,True,True,False,-0.5459757497926984
C0462,-0.012525771515167854,1,-0.42661350223071237,0.4864526676799291,-0.06446335293068653,1,True,False,True,False,False,False,False,False,False,True,False,False,True,-0.7372070412757894
C0463,0.8921132823580675,1,-0.39776190539178435,0.7098009999480325,0.6764947267323725,1,False,True,False,False,False,False,True,False,True,False,False,False,True,-0.7911532095784951
C0464,-0.012525771515167854,0,-0.7176366095200779,-1.3003339904648978,-0.6201819126779821,1,True,False,False,False,False,False,True,False,True,False,False,True,False,1.4766800376540772
C0465,-1.752216259732928,2,0.020921328995035304,1.156497664484239,1.6026923263111976,0,False,True,False,True,False,False,False,False,False,True,False,True,False,-0.7268060988453285
C0466,1.7271647167025923,0,-1.3507598249657735,-1.0769856581967945,-0.8054214325937472,0,False,True,True,False,False,False,False,False,False,True,False,True,False,-0.6299440031767215
C0467,-1.1955153035032449,2,0.543883654165483,0.7098009999480325,0.6764947267323725,0,False,True,False,True,False,False,False,False,False,True,False,False,True,-0.3369196792541669
C0468,0.3354123261283842,2,1.0117115896278621,0.039756003143722386,1.4174528063954333,0,True,False,False,False,False,False,True,False,True,False,False,True,False,0.403424902832386
C0469,-1.1259276839745345,1,-0.3475819123343368,-0.4069406613924843,-0.8054214325937472,0,False,True,False,False,True,False,False,False,False,False,True,False,True,-0.16964702581524238
C0470,1.5879894776451715,1,-0.210433178905619,-0.4069406613924843,1.973171366142728,0,True,False,False,False,False,False,True,False,True,False,False,True,False,-0.04835703510730942
C0471,0.8921132823580675,0,-0.5853723293227107,-0.4069406613924843,-0.43494239276221686,1,True,False,False,False,False,False,True,True,False,False,False,False,True,-0.37994133000541275
C0472,1.1008761409441987,3,2.325355923760868,2.2732393258247563,1.7879318462269636,0,True,False,False,False,False,False,True,False,True,False,False,False,True,-0.2577335328371033
C0473,-0.2212886301012991,2,0.4682095094852796,0.9331493322161358,1.0469737665639027,0,True,False,False,False,False,False,True,False,True,False,False,True,False,-0.4659472392870503
C0474,-0.08211339104387827,0,-0.87942233306283,-1.5236823227330012,0.6764947267323725,1,True,False,False,True,False,False,False,False,False,True,False,False,True,3.578598610892336
C0475,0.474587565185805,0,-0.4094814616873028,-1.0769856581967945,-0.2497028728464517,0,True,False,True,False,False,False,False,False,False,True,False,False,True,1.034929467856271
C0476,1.0312885214154883,0,-1.2641275850829097,-1.0769856581967945,-1.9168585520883366,0,True,False,False,False,True,False,False,False,False,True,False,True,False,-0.4767143916781765
C0477,1.30963899953033,1,0.02637683106216644,0.26310433541182576,1.0469737665639027,0,True,False,True,False,False,False,False,False,False,True,False,False,True,-0.38718902005670647
C0478,-1.752216259732928,3,1.5266905426926518,2.2732393258247563,1.2322132864796689,0,False,True,True,False,False,False,False,True,False,False,False,True,False,-0.4931716449915969
C0479,-0.012525771515167854,2,0.641814396094368,1.156497664484239,0.6764947267323725,0,True,False,True,False,False,False,False,False,False,True,False,True,False,-0.4733761883788575
C0480,-1.404278162089376,0,-0.9371224835307735,-1.3003339904648978,-1.7316190321725722,1,False,True,False,False,False,False,True,False,False,True,False,False,True,0.8943609971406743
C0481,-0.7779895863309824,2,0.3708007776791214,-0.4069406613924843,1.0469737665639027,0,False,True,False,True,False,False,False,False,False,True,False,True,False,0.4656678445314009
C0482,-0.012525771515167854,0,-1.1263577297445864,-1.5236823227330012,-1.3611399923410419,0,False,True,False,False,False,True,False,False,True,False,False,False,True,2.2683076054902322
C0483,-0.8475772058596928,2,0.6862664118469086,1.3798459967523424,0.6764947267323725,0,False,True,False,False,True,False,False,False,False,True,False,True,False,-0.5286947319175459
C0484,1.1008761409441987,0,-0.6207030074049863,-1.0769856581967945,-0.9906609525095116,1,False,True,True,False,False,False,False,False,True,False,False,False,True,0.6613341939235606
C0485,-0.08211339104387827,1,-0.2693831724207248,-0.6302889936605877,1.4174528063954333,0,False,True,False,False,False,False,True,False,False,True,False,False,True,0.17615285531156108
C0486,-0.9171648253884032,3,1.8048456180317018,2.4965876580928597,2.343650405974258,0,False,True,False,True,False,False,False,False,True,False,False,False,True,-0.46762357675042177
C0487,-0.5692267277448512,0,-0.7291523273769593,-0.18359232912438098,-0.8054214325937472,0,False,True,True,False,False,False,False,False,True,False,False,True,False,-0.6466117602512037
C0488,0.12664946754225298,1,-0.48453177292360206,-0.18359232912438098,-0.06446335293068653,1,True,False,False,False,False,False,True,False,False,True,False,True,False,-0.4611820506742881
C0489,0.9617009018867779,3,1.9759610029710217,1.6031943290204458,1.2322132864796689,0,True,False,True,False,False,False,False,True,False,False,False,True,False,-0.13613625138954438
C0490,0.40499994565709463,0,-0.6657311073971057,-0.853637325928691,-0.06446335293068653,0,False,True,False,False,False,True,False,False,False,True,False,True,False,0.06534163068426961
C0491,1.5879894776451715,0,-0.20974585778612417,-0.853637325928691,-0.06446335293068653,0,True,False,False,False,True,False,False,False,True,False,False,True,False,0.670229973131292
C0492,1.3792266190590403,1,-0.3323441239732086,0.4864526676799291,-0.43494239276221686,0,False,True,False,False,False,True,False,False,False,False,True,True,False,-0.6871857320283163
C0493,0.9617009018867779,0,-0.9921854005013552,-0.6302889936605877,-0.06446335293068653,0,True,False,False,False,False,True,False,False,False,True,False,True,False,-0.5909151882862732
C0494,0.40499994565709463,0,-0.6786053370688176,-0.6302889936605877,-1.1759004724252766,0,True,False,False,False,False,False,True,False,False,False,True,True,False,-0.25813087132696133
C0495,-0.012525771515167854,1,2.7204345133150443,0.26310433541182576,-0.06446335293068653,0,False,True,False,True,False,False,False,False,False,True,False,True,False,1.201170435054701
C0496,-0.2908762496300095,2,0.4788818880640246,0.26310433541182576,-0.43494239276221686,0,False,True,True,False,False,False,False,False,False,True,False,True,False,-0.1204016047354471
C0497,-1.3346905425606657,0,-0.9781504587508636,-0.4069406613924843,-0.2497028728464517,1,False,True,False,False,True,False,False,True,False,False,False,True,False,-0.727301852247352
C0498,-0.4300514886874303,0,-0.7368300709319112,-1.0769856581967945,0.6764947267323725,0,True,False,False,False,False,False,True,False,False,True,False,False,True,0.455936008989671
C0499,1.5879894776451715,2,0.40413234311341156,-0.4069406613924843,1.2322132864796689,0,False,True,False,True,False,False,False,False,True,False,False,True,False,0.495145224021071
C0500,-0.012525771515167854,1,-0.34114288404217913,-1.0769856581967945,1.0469737665639027,1,False,True,False,False,False,False,True,False,False,True,False,False,True,1.1558024098127997
