고객ID,나이,멤버십등급,월평균구매금액,구매횟수,리뷰점수,이탈여부,성별_남,성별_여,거주지역_경기,거주지역_기타,거주지역_대구,거주지역_부산,거주지역_서울,가입경로_광고,가입경로_앱,가입경로_웹,가입경로_지인추천,쿠폰사용여부_N,쿠폰사용여부_Y,1회당평균구매금액
C0001,-1.4749650406784764,실버,-0.3293519025045145,-0.18282138097720146,-0.8089027037561554,1,True,False,False,False,True,False,False,False,True,False,False,True,False,-0.2989566985635696
C0002,1.0302063514892748,VIP,0.7835211629589496,2.2847064604328784,1.784734220052154,0,False,True,False,False,False,True,False,False,False,True,False,False,True,-0.24482916586271372
C0003,0.612677786127983,브론즈,-0.6319595243203666,-1.0801042323990488,-0.8089027037561554,0,False,True,False,True,False,False,False,False,True,False,False,False,True,-0.23791894978174138
C0004,-0.22237934459460082,실버,-0.24594648889715365,-1.0801042323990488,0.11739619760395491,0,False,True,True,False,False,False,False,False,True,False,False,True,False,0.43951578924881934
C0005,-0.22237934459460082,골드,0.0968270290894046,-0.18282138097720146,2.1552537805961984,0,True,False,True,False,False,False,False,False,False,True,False,True,False,0.02158215835588124
C0006,1.3085587283968028,실버,-0.19502314280905372,-0.855783519543587,-0.9941624840281768,0,True,False,False,False,False,True,False,False,True,False,False,True,False,0.2109049946005
C0007,-1.4749650406784764,골드,0.09067600106651336,0.041499331878260354,0.6731755384200208,1,False,True,True,False,False,False,False,True,False,False,False,False,True,-0.07804260188076155
C0008,0.7518539745817469,실버,-0.24419824171421095,-0.18282138097720146,0.11739619760395491,0,True,False,False,False,False,True,False,False,True,False,False,False,True,-0.23491069565548023
C0009,-1.0574364753171845,브론즈,-0.5227466505098447,-1.3044249452545107,-1.3646820445722212,1,True,False,True,False,False,False,False,False,False,False,True,True,False,0.3021325820641976
C0010,-1.4749650406784764,골드,0.08006645051424265,0.490140757589184,0.6731755384200208,0,True,False,False,False,False,False,True,False,False,True,False,True,False,-0.216626185928168
C0011,0.12556112653980905,브론즈,-0.4412551630213262,-1.3044249452545107,0.0,1,False,True,False,False,False,False,True,False,False,True,False,True,False,0.5166531791450893
C0012,1.7260872937580947,브론즈,-0.4691305509136651,-1.0801042323990488,0.30265597787597714,0,False,True,False,False,False,True,False,False,False,True,False,False,True,0.047838247473130646
C0013,0.8910301630355109,실버,-0.22360236133802647,0.490140757589184,-0.6236429234841331,1,False,True,False,False,False,False,True,False,False,True,False,True,False,-0.3765035346943736
C0014,0.9606182572623928,골드,0.11440760140734893,0.9387821833001077,2.1552537805961984,1,False,True,False,False,False,False,True,True,False,False,False,True,False,-0.289293649741064
C0015,0.8214420688086288,골드,6.829978126329642,0.7144614704446458,0.6731755384200208,0,False,True,True,False,False,False,False,False,True,False,False,True,False,2.9661854530036824
C0016,1.0302063514892748,브론즈,-0.5227132224875259,-1.0801042323990488,-0.06786358266806648,0,True,False,False,False,False,False,True,False,True,False,False,False,True,-0.046196823374675816
C0017,0.055973032312927086,브론즈,-0.5307200763672552,-1.0801042323990488,-0.8089027037561554,1,False,True,True,False,False,False,False,False,False,True,False,True,False,-0.060248475704300766
C0018,-1.3357888522247126,VIP,0.6927476318555706,2.0603857475774165,1.4142146595081095,0,True,False,False,False,True,False,False,False,False,False,True,False,True,-0.24363548251763706
C0019,1.2389706341699207,브론즈,-0.30436793107820104,-0.6314628066881252,-1.179422264300199,0,True,False,False,False,False,False,True,False,True,False,False,True,False,-0.09501930922018621
C0020,4.944531484830035e-16,브론즈,-0.6475137598859756,-1.3044249452545107,-0.8089027037561554,1,False,True,False,False,False,True,False,False,False,True,False,True,False,-0.026308039457106153
C0021,0.055973032312927086,브론즈,-0.4090796340162593,-0.855783519543587,-0.6236429234841331,0,False,True,False,False,False,True,False,True,False,False,False,True,False,-0.07083931832101903
C0022,-0.43114362727524674,실버,-0.4275002625290246,-1.0801042323990488,-0.6236429234841331,0,True,False,True,False,False,False,False,False,False,False,True,True,False,0.12089744744728786
C0023,-1.1270245695440666,골드,0.18759513490372443,0.7144614704446458,0.4879157581479993,1,True,False,False,False,False,False,True,True,False,False,False,True,False,-0.21301546562301762
C0024,1.5869111053043305,골드,0.34101478785295947,1.1631028961555694,0.30265597787597714,1,False,True,False,False,True,False,False,False,False,True,False,True,False,-0.23242311785120903
C0025,1.0302063514892748,골드,4.496122507612891,0.490140757589184,2.34051356086822,0,True,False,False,False,False,False,True,False,False,True,False,True,False,2.1083650771039686
C0026,0.5430896919011009,브론즈,-0.4767871626134663,0.041499331878260354,-0.8089027037561554,1,True,False,True,False,False,False,False,False,True,False,False,True,False,-0.45149429740660474
C0027,-0.3615555330483648,브론즈,-0.5593916732917323,-1.3044249452545107,0.30265597787597714,1,False,True,False,True,False,False,False,True,False,False,False,False,True,0.2056671424276835
C0028,1.1693825399430386,실버,-0.21008178340637568,-0.18282138097720146,-0.2531233629400887,0,True,False,False,True,False,False,False,False,True,False,False,True,False,-0.20925093226165406
C0029,0.19514922076669106,브론즈,-0.5245468976168316,-0.855783519543587,-0.6236429234841331,0,False,True,False,False,False,True,False,False,False,False,True,True,False,-0.22281903481828755
C0030,-0.15279125036771884,브론즈,-0.5848741073883248,-0.855783519543587,-1.7352016051162655,1,False,True,True,False,False,False,False,False,False,True,False,True,False,-0.30222259867045226
C0031,-0.15279125036771884,브론즈,-0.5288193864603224,-0.855783519543587,-1.179422264300199,0,False,True,False,False,True,False,False,False,False,True,False,True,False,-0.22844254769045247
C0032,-0.9878483810903026,브론즈,-0.4736509878041442,-0.855783519543587,-0.6236429234841331,0,True,False,False,False,True,False,False,False,False,False,True,True,False,-0.15582908716558816
C0033,-1.4749650406784764,실버,-0.3002780972760595,0.26582004473372217,1.0436950989640652,0,True,False,True,False,False,False,False,False,False,True,False,False,True,-0.38063229555199296
C0034,0.19514922076669106,골드,0.07194310120519212,1.3874236090110312,0.8584353186920437,0,True,False,False,False,True,False,False,True,False,False,False,True,False,-0.3700826186139355
C0035,1.4477349168505667,브론즈,-0.649760828770301,-0.855783519543587,0.30265597787597714,1,False,True,False,False,False,False,True,False,False,True,False,False,True,-0.38762745899677875
C0036,-1.5445531349053585,실버,-0.16944159029128875,0.26582004473372217,0.4879157581479993,0,True,False,False,False,False,False,True,False,False,True,False,False,True,-0.3040949882321995
C0037,1.3085587283968028,골드,0.22466169452580215,0.490140757589184,1.9699940003241754,0,True,False,True,False,False,False,False,False,True,False,False,True,False,-0.1404988282460855
C0038,1.2389706341699207,골드,0.18922076217387052,1.1631028961555694,0.6731755384200208,0,True,False,False,False,False,False,True,False,False,True,False,False,True,-0.29389805227602
C0039,-0.7790840984096566,골드,0.2721004614514714,0.26582004473372217,2.34051356086822,0,False,True,False,False,False,False,True,False,True,False,False,True,False,-0.04579980374839633
C0040,0.47350159767421895,실버,-0.20366161137565583,0.26582004473372217,-0.4383831432121109,1,True,False,False,False,False,True,False,False,True,False,False,True,False,-0.3241131645851411
C0041,-1.1966126637709484,골드,0.2073388515945755,1.611744321866493,0.11739619760395491,0,False,True,False,True,False,False,False,False,True,False,False,False,True,-0.34742324993094337
C0042,0.9606182572623928,브론즈,-0.4617354270711621,-0.855783519543587,-1.7352016051162655,1,True,False,False,False,True,False,False,False,False,True,False,True,False,-0.1401456502707034
C0043,0.7518539745817469,브론즈,-0.5064093396027356,-1.5287456581099725,0.8584353186920437,0,True,False,False,False,False,True,False,False,False,True,False,False,True,1.4333104311394798
C0044,-0.5007317215021287,브론즈,-0.5560440300598962,-1.0801042323990488,-0.2531233629400887,1,True,False,False,True,False,False,False,False,False,True,False,True,False,-0.10469082450267149
C0045,-1.5445531349053585,실버,0.03658848468822824,0.26582004473372217,-0.2531233629400887,0,False,True,False,False,False,False,True,False,True,False,False,True,False,-0.18357062137744334
C0046,1.7260872937580947,브론즈,-0.5471323700215189,-0.6314628066881252,0.11739619760395491,0,True,False,True,False,False,False,False,False,True,False,False,True,False,-0.3506434191591078
C0047,-0.15279125036771884,브론즈,-0.571304067725307,-0.855783519543587,-0.2531233629400887,1,True,False,True,False,False,False,False,False,True,False,False,True,False,-0.2843615121899035
C0048,1.4477349168505667,골드,0.2120843285731399,1.1631028961555694,2.1552537805961984,0,False,True,False,False,False,False,True,False,False,False,True,True,False,-0.2846385558049015
C0049,0.6822658803548649,브론즈,-0.46760901567924196,-0.6314628066881252,-1.920461385388287,0,False,True,False,False,False,True,False,True,False,False,False,True,False,-0.26690756904207996
C0050,1.0302063514892748,브론즈,6.941301754927848,-0.4071420938326633,-0.9941624840281768,0,False,True,True,False,False,False,False,False,True,False,False,True,False,6.154883555873208
C0051,0.9606182572623928,브론즈,-0.3692141565076147,-0.4071420938326633,-1.179422264300199,0,False,True,True,False,False,False,False,False,False,True,False,True,False,-0.259922401667043
C0052,-1.0574364753171845,실버,-0.224232919767628,0.490140757589184,-1.5499418248442434,0,True,False,False,False,False,False,True,False,True,False,False,True,False,-0.37683551481887817
C0053,4.944531484830035e-16,브론즈,-0.6215908916237944,-0.6314628066881252,-0.06786358266806648,1,False,True,False,False,False,False,True,False,True,False,False,False,True,-0.429046143193964
C0054,-0.08320315614083687,브론즈,-0.36174481946014503,-0.4071420938326633,-0.9941624840281768,1,True,False,False,True,False,False,False,False,True,False,False,True,False,-0.2533682338940087
C0055,-0.01361506191395489,브론즈,-0.4253707599368247,-1.0801042323990488,-0.2531233629400887,0,False,True,False,False,False,False,True,False,True,False,False,False,True,0.12463462443466661
C0056,-1.6141412291322403,골드,0.020164035242464518,0.490140757589184,2.34051356086822,1,False,True,False,False,False,False,True,False,False,True,False,True,False,-0.2481639631530588
C0057,0.19514922076669106,VIP,0.8817235040366393,2.5090271732883402,1.2289548792360883,0,False,True,False,False,False,False,True,True,False,False,False,False,True,-0.24383869110247
C0058,-1.1966126637709484,실버,-0.1391519505538964,-0.18282138097720146,-0.4383831432121109,0,False,True,True,False,False,False,False,False,True,False,False,False,True,-0.155902993500371
C0059,0.8910301630355109,실버,-0.21474188812304998,0.26582004473372217,-0.06786358266806648,0,False,True,False,False,True,False,False,False,False,True,False,True,False,-0.3305949529341864
C0060,0.6822658803548649,골드,0.34272501023992286,0.7144614704446458,1.4142146595081095,0,False,True,True,False,False,False,False,False,False,False,True,True,False,-0.13876665419315837
C0061,1.5173230110774487,VIP,0.6989177916702884,1.611744321866493,1.0436950989640652,0,False,True,False,False,False,False,True,True,False,False,False,True,False,-0.17488366166651845
C0062,0.8910301630355109,실버,-0.2167629454018922,-0.18282138097720146,-0.6236429234841331,1,True,False,False,False,False,False,True,False,False,True,False,True,False,-0.21427598598950257
C0063,-0.43114362727524674,골드,0.08843765340300716,1.3874236090110312,1.4142146595081095,1,True,False,False,False,False,True,False,False,True,False,False,True,False,-0.36387965488798146
C0064,1.7260872937580947,VIP,0.7466622460058675,2.0603857475774165,1.784734220052154,0,True,False,False,False,True,False,False,False,False,True,False,False,True,-0.22693825643434307
C0065,-0.2919674388214828,골드,0.21689695106251267,0.041499331878260354,-0.8089027037561554,0,False,True,False,False,True,False,False,False,True,False,False,False,True,0.005024336739895275
C0066,-0.6399079099558926,실버,-0.21193110648419705,-0.18282138097720146,-0.9941624840281768,0,True,False,False,False,True,False,False,True,False,False,False,True,False,-0.2106418501637254
C0067,1.5173230110774487,브론즈,-0.5853271707622472,0.041499331878260354,0.30265597787597714,0,True,False,False,False,False,True,False,False,True,False,False,False,True,-0.5229252777237877
C0068,4.944531484830035e-16,브론즈,-0.4813853381463874,-0.855783519543587,-0.4383831432121109,0,True,False,False,False,False,False,True,False,False,True,False,True,False,-0.166009153234971
C0069,-1.5445531349053585,실버,-0.2214764262350484,-1.0801042323990488,-0.6236429234841331,0,False,True,True,False,False,False,False,False,True,False,False,False,True,0.4824595994115782
C0070,-0.08320315614083687,실버,6.72641761673792,0.7144614704446458,-0.2531233629400887,1,False,True,True,False,False,False,False,False,False,True,False,False,True,2.9166189544063506
C0071,1.0997944457161568,실버,-0.3798907014529063,0.041499331878260354,-0.06786358266806648,1,False,True,True,False,False,False,False,True,False,False,False,False,True,-0.3877260212841527
C0072,-1.1270245695440666,실버,-0.1497328358594836,-0.18282138097720146,0.4879157581479993,1,True,False,False,False,False,True,False,False,False,True,False,False,True,-0.16386111772853057
C0073,-0.08320315614083687,실버,-0.5075785991539873,-0.4071420938326633,-0.9941624840281768,0,True,False,True,False,False,False,False,False,False,True,False,False,True,-0.38133394932694076
C0074,-1.3357888522247126,골드,0.1862547697456721,1.1631028961555694,0.11739619760395491,0,True,False,False,False,False,True,False,True,False,False,False,True,False,-0.29509924704776597
C0075,4.944531484830035e-16,브론즈,-0.5500850477146592,-1.0801042323990488,-0.6236429234841331,0,True,False,False,False,False,True,False,True,False,False,False,False,True,-0.09423309048986149
C0076,-0.08320315614083687,브론즈,-0.3482466874633664,-0.4071420938326633,-0.8089027037561554,0,True,False,True,False,False,False,False,False,True,False,False,True,False,-0.24152394019468784
C0077,-0.5703198157290107,골드,0.1072880812867992,0.9387821833001077,1.0436950989640652,0,False,True,False,True,False,False,False,False,False,True,False,True,False,-0.29241725556022996
C0078,-0.9878483810903026,골드,0.23756080260763648,0.7144614704446458,-0.2531233629400887,1,False,True,False,False,True,False,False,False,False,True,False,True,False,-0.18910072043757425
C0079,0.264737314993573,VIP,0.6360711376741259,1.8360650347219547,1.599474439780131,0,False,True,False,False,False,True,False,False,False,True,False,True,False,-0.2310728329483162
C0080,0.612677786127983,골드,0.17589778831875694,0.7144614704446458,1.4142146595081095,0,True,False,True,False,False,False,False,False,True,False,False,True,False,-0.21861409115491282
C0081,1.5869111053043305,골드,0.24630088293381772,1.1631028961555694,0.0,1,True,False,True,False,False,False,False,False,True,False,False,False,True,-0.27078122231529095
C0082,-0.22237934459460082,브론즈,-0.5483306049624681,-1.3044249452545107,-0.6236429234841331,1,False,True,True,False,False,False,False,True,False,False,False,False,True,0.2347846251915197
C0083,-1.1966126637709484,실버,-0.1009885451263472,-0.855783519543587,-0.06786358266806648,0,True,False,False,False,False,False,True,True,False,False,False,True,False,0.3346747198984814
C0084,1.2389706341699207,브론즈,-0.6083446465556971,-0.6314628066881252,-1.3646820445722212,0,True,False,True,False,False,False,False,False,False,False,True,True,False,-0.4150982205892212
C0085,0.47350159767421895,실버,-0.180303617987142,0.041499331878260354,-0.06786358266806648,1,True,False,False,True,False,False,False,True,False,False,False,False,True,-0.2563762888328279
C0086,0.7518539745817469,VIP,0.7851682124748708,2.0603857475774165,0.0,0,False,True,False,False,True,False,False,False,False,False,True,True,False,-0.21501305140743956
C0087,-1.4053769464515944,브론즈,-0.42148818788733616,-0.6314628066881252,-0.8089027037561554,1,False,True,False,False,False,False,True,False,False,False,True,True,False,-0.21834363766370826
C0088,-0.6399079099558926,실버,0.0029503253523900093,-0.4071420938326633,-0.8089027037561554,1,False,True,True,False,False,False,False,False,False,False,True,True,False,0.06664318745724979
C0089,0.9606182572623928,브론즈,-0.5823276066648312,-0.4071420938326633,-1.179422264300199,1,False,True,False,False,False,False,True,False,False,True,False,True,False,-0.44692444724935465
C0090,1.2389706341699207,브론즈,-0.6518970069480245,-0.855783519543587,-0.6236429234841331,1,False,True,False,False,False,False,True,False,False,True,False,True,False,-0.390439128241502
C0091,-0.22237934459460082,브론즈,-0.6084166476768392,-1.0801042323990488,-0.9941624840281768,1,False,True,False,True,False,False,False,False,True,False,False,True,False,-0.19660230751459368
C0092,1.0997944457161568,브론즈,-0.42144241827012985,-1.0801042323990488,-0.4383831432121109,0,False,True,True,False,False,False,False,False,False,True,False,True,False,0.13152867947320337
C0093,1.2389706341699207,VIP,0.7371792315700834,2.6492276188230037,1.784734220052154,0,True,False,True,False,False,False,False,False,True,False,False,False,True,-0.29851389132826067
C0094,-0.3615555330483648,실버,7.9789101457184595,-0.855783519543587,0.6731755384200208,1,False,True,False,False,True,False,False,False,True,False,False,False,True,10.969556625553675
C0095,1.4477349168505667,골드,0.0361617949309688,0.9387821833001077,1.784734220052154,0,True,False,False,False,False,False,True,False,False,True,False,True,False,-0.32362307817114777
C0096,-0.7790840984096566,실버,-0.12694107096160231,-0.855783519543587,0.6731755384200208,0,False,True,False,False,False,False,True,False,False,True,False,True,False,0.3005156223686897
C0097,-0.9182602868634206,브론즈,-0.6344462418746698,-0.855783519543587,-1.5499418248442434,1,False,True,False,False,True,False,False,False,True,False,False,True,False,-0.3674701737014228
C0098,0.6822658803548649,브론즈,-0.36511583945288073,-1.0801042323990488,-1.5499418248442434,1,False,True,False,False,True,False,False,False,False,False,True,True,False,0.23037917860132914
C0099,4.944531484830035e-16,골드,0.48590884396445766,-0.18282138097720146,0.6731755384200208,0,False,True,False,True,False,False,False,True,False,False,False,False,True,0.31421943097223226
C0100,-1.2662007579978305,브론즈,-0.4546606686921485,-0.6314628066881252,-1.179422264300199,1,False,True,False,False,True,False,False,False,True,False,False,True,False,-0.2532733247179807
C0101,1.2389706341699207,VIP,0.7468043538004914,1.611744321866493,0.4879157581479993,0,False,True,True,False,False,False,False,False,True,False,False,False,True,-0.1580759283814606
C0102,-1.0574364753171845,브론즈,-0.5517546763424559,-1.5287456581099725,-1.179422264300199,0,False,True,False,False,False,True,False,False,True,False,False,True,False,1.194573625320113
C0103,1.0997944457161568,실버,-0.41812681105608035,0.26582004473372217,-0.4383831432121109,1,False,True,False,True,False,False,False,False,False,False,True,True,False,-0.4495719472722406
C0104,-1.7533174175860045,골드,0.09494373399719364,1.3874236090110312,0.11739619760395491,0,True,False,False,False,True,False,False,False,False,False,True,False,True,-0.3614329693738868
C0105,1.0997944457161568,브론즈,-0.6195530106588342,-0.18282138097720146,-0.9941624840281768,1,False,True,False,True,False,False,False,False,True,False,False,False,True,-0.5172235451593031
C0106,1.0302063514892748,브론즈,-0.6595640170284592,-0.6314628066881252,0.11739619760395491,1,False,True,False,False,False,True,False,False,False,False,True,True,False,-0.46903077366709883
C0107,1.0302063514892748,VIP,0.8755290349481415,1.8360650347219547,0.0,0,True,False,False,False,False,True,False,False,True,False,False,False,True,-0.15227832832874763
C0108,0.612677786127983,브론즈,-0.46523529872703634,-0.18282138097720146,1.0436950989640652,0,False,True,False,False,False,False,True,False,True,False,False,False,True,-0.4011576880320069
C0109,-0.08320315614083687,실버,-0.17068871725789841,0.490140757589184,0.11739619760395491,0,False,True,False,False,True,False,False,True,False,False,False,True,False,-0.3486452469845214
C0110,4.944531484830035e-16,실버,-0.24850642857021432,0.26582004473372217,-0.2531233629400887,0,False,True,True,False,False,False,False,False,True,False,False,True,False,-0.3503466802484674
C0111,4.944531484830035e-16,브론즈,-0.5155989806435299,-1.3044249452545107,0.0,0,False,True,False,False,True,False,False,False,True,False,False,True,False,0.32094831920085204
C0112,1.0302063514892748,골드,0.2720304287272156,0.7144614704446458,0.8584353186920437,0,True,False,False,False,True,False,False,False,False,True,False,False,True,-0.1726027456647345
C0113,0.19514922076669106,골드,0.15939153397068545,0.9387821833001077,1.0436950989640652,0,False,True,False,True,False,False,False,False,False,True,False,True,False,-0.2695574777597203
C0114,-0.15279125036771884,브론즈,-0.4361027863671061,-1.5287456581099725,0.6731755384200208,0,True,False,False,True,False,False,False,True,False,False,False,False,True,1.8034645231464936
C0115,0.055973032312927086,골드,0.14089869039283248,0.9387821833001077,0.11739619760395491,0,False,True,False,False,False,False,True,True,False,False,False,False,True,-0.2776709956421934
C0116,4.944531484830035e-16,브론즈,-0.5347262242211328,0.26582004473372217,-0.2531233629400887,1,False,True,False,False,True,False,False,False,True,False,False,False,True,-0.5177807777002796
C0117,-1.6837293233591224,브론즈,-0.655034179708657,-0.6314628066881252,-0.6236429234841331,1,True,False,False,False,True,False,False,False,True,False,False,False,True,-0.4642609826792478
C0118,-1.2662007579978305,실버,-0.4370567655728668,0.490140757589184,-1.179422264300199,0,True,False,True,False,False,False,False,False,False,False,True,False,True,-0.488884269559363
C0119,-0.9182602868634206,VIP,0.651364627001375,1.8360650347219547,1.9699940003241754,0,True,False,False,False,False,False,True,False,True,False,False,False,True,-0.22604045385719646
C0120,-1.4053769464515944,브론즈,-0.48968259107482287,-0.855783519543587,0.11739619760395491,0,True,False,False,False,False,False,True,True,False,False,False,False,True,-0.1769301199960081
C0121,-0.22237934459460082,브론즈,-0.6413867153000329,-0.6314628066881252,-1.3646820445722212,1,True,False,False,False,False,True,False,False,False,True,False,True,False,-0.4498905874205247
C0122,0.612677786127983,실버,-0.21748515722214304,-0.6314628066881252,-0.06786358266806648,0,True,False,True,False,False,False,False,False,True,False,False,True,False,-0.00353419783958162
C0123,0.612677786127983,골드,0.16911885392176743,0.26582004473372217,-0.6236429234841331,0,True,False,False,True,False,False,False,False,False,False,True,False,True,-0.10604243117274935
C0124,-0.08320315614083687,브론즈,-0.7396747001152247,-0.18282138097720146,-1.7352016051162655,1,True,False,True,False,False,False,False,False,True,False,False,False,True,-0.6075697968747036
C0125,1.3085587283968028,브론즈,-0.599466615966226,-0.18282138097720146,-0.06786358266806648,1,False,True,False,True,False,False,False,False,False,True,False,True,False,-0.5021161113630769
C0126,0.264737314993573,골드,0.20906229142967375,0.26582004473372217,0.30265597787597714,1,True,False,True,False,False,False,False,False,False,True,False,True,False,-0.08267614585677523
C0127,-1.4749650406784764,브론즈,-0.45233220670199803,-0.4071420938326633,-1.5499418248442434,1,True,False,False,False,False,True,False,False,False,True,False,True,False,-0.3328565379202757
C0128,0.9606182572623928,브론즈,-0.6264205392243846,-0.855783519543587,-0.6236429234841331,0,True,False,False,False,False,False,True,False,True,False,False,False,True,-0.35690662542421486
C0129,0.264737314993573,브론즈,-0.4781630516338411,-0.6314628066881252,-1.179422264300199,1,False,True,False,False,True,False,False,False,False,True,False,True,False,-0.27802067135187786
C0130,0.5430896919011009,실버,-0.09806747507328557,0.041499331878260354,-0.4383831432121109,0,True,False,False,False,False,True,False,True,False,False,False,False,True,-0.20225607633211867
C0131,0.264737314993573,실버,-0.1257879272484118,0.26582004473372217,0.4879157581479993,0,False,True,False,True,False,False,False,True,False,False,False,False,True,-0.2785582790907954
C0132,4.944531484830035e-16,골드,0.15227892970451984,0.7144614704446458,-0.2531233629400887,0,True,False,False,False,False,True,False,False,False,True,False,True,False,-0.22991863307913232
C0133,-1.4749650406784764,실버,-0.26646672161176305,0.490140757589184,-0.8089027037561554,0,True,False,False,False,False,False,True,False,True,False,False,True,False,-0.3990710161401086
C0134,4.944531484830035e-16,실버,-0.2846997990096741,0.041499331878260354,0.11739619760395491,1,True,False,True,False,False,False,False,False,False,False,True,True,False,-0.32508018593948507
C0135,1.0997944457161568,VIP,0.7337778601272097,2.0603857475774165,2.1552537805961984,0,True,False,False,False,False,False,True,True,False,False,False,True,False,-0.230928519693218
C0136,-0.7094960041827747,실버,-0.19154491944657626,-0.6314628066881252,0.8584353186920437,1,False,True,False,False,False,False,True,False,True,False,False,False,True,0.023780141203837726
C0137,0.40391350344733695,실버,-0.14247312254084477,0.7144614704446458,-0.6236429234841331,0,True,False,False,False,True,False,False,False,False,True,False,False,True,-0.3709939062868288
C0138,-1.6837293233591224,VIP,0.6958191423061939,2.0603857475774165,2.1552537805961984,0,True,False,False,False,True,False,False,False,False,True,False,True,False,-0.24268424313255518
C0139,-0.5007317215021287,브론즈,-0.40355359901612126,-0.6314628066881252,-1.3646820445722212,0,False,True,False,False,False,True,False,False,True,False,False,True,False,-0.19945902121296355
C0140,-0.22237934459460082,골드,0.17373338433801144,0.041499331878260354,1.9699940003241754,0,False,True,False,False,False,True,False,False,False,True,False,False,True,-0.02338192504047013
C0141,4.944531484830035e-16,골드,0.2517077273639235,0.26582004473372217,-0.2531233629400887,1,False,True,False,False,True,False,False,False,True,False,False,True,False,-0.057729233782256445
C0142,4.944531484830035e-16,브론즈,-0.39767144463145093,-0.4071420938326633,0.0,0,False,True,False,False,False,True,False,False,False,False,True,False,True,-0.28489300341440726
C0143,-0.7790840984096566,실버,-0.3044937249416227,0.041499331878260354,-0.6236429234841331,1,False,True,False,False,False,False,True,False,False,False,True,False,True,-0.3381067146615642
C0144,-0.2919674388214828,브론즈,-0.7003693621906302,-1.5287456581099725,0.6731755384200208,1,True,False,False,False,False,False,True,False,False,False,True,True,False,0.4121382538310039
C0145,1.7956753879849765,브론즈,-0.3216660858416948,-0.4071420938326633,-0.4383831432121109,1,False,True,False,False,True,False,False,False,False,True,False,False,True,-0.21820008676171962
C0146,1.3085587283968028,실버,-0.18458981391401721,-0.4071420938326633,-0.8089027037561554,1,True,False,False,False,False,True,False,False,True,False,False,True,False,-0.09791887864293258
C0147,-1.6837293233591224,브론즈,-0.6897868767335029,-0.18282138097720146,-1.179422264300199,1,True,False,False,False,False,False,True,False,False,False,True,True,False,-0.5700480314951485
C0148,-0.9182602868634206,골드,0.08239046941660416,0.7144614704446458,1.2289548792360883,1,False,True,True,False,False,False,False,False,False,False,True,False,True,-0.26336889594948354
C0149,1.1693825399430386,VIP,0.7681331445024683,1.8360650347219547,2.1552537805961984,0,False,True,False,False,True,False,False,False,False,True,False,False,True,-0.18761734233571034
C0150,-1.5445531349053585,골드,0.1314444853537198,1.1631028961555694,0.6731755384200208,0,False,True,False,False,False,False,True,True,False,False,False,False,True,-0.31729681789237846
C0151,1.3085587283968028,브론즈,-0.5539242812660835,-1.3044249452545107,-0.8089027037561554,1,True,False,True,False,False,False,False,False,True,False,False,True,False,0.22005966657915085
C0152,-0.7790840984096566,브론즈,-0.33777977980093066,-1.3044249452545107,-0.2531233629400887,1,False,True,False,False,False,True,False,True,False,False,False,True,False,0.7890448322578248
C0153,1.5173230110774487,브론즈,-0.6143997272343347,-0.855783519543587,-0.6236429234841331,1,True,False,False,False,True,False,False,False,True,False,False,True,False,-0.34108465527140613
C0154,-0.7094960041827747,브론즈,-0.586249964972857,-0.4071420938326633,-1.7352016051162655,1,False,True,False,False,False,False,True,False,True,False,False,False,True,-0.45036622451196534
C0155,-0.22237934459460082,VIP,0.704803321218027,1.1631028961555694,0.8584353186920437,0,False,True,False,False,False,True,False,False,False,True,False,True,False,-0.0850927065714156
C0156,0.612677786127983,실버,-0.16947210836318788,-0.855783519543587,0.11739619760395491,0,False,True,True,False,False,False,False,False,True,False,False,False,True,0.24453564323808824
C0157,-1.3357888522247126,브론즈,-0.4399841136551184,-0.4071420938326633,0.11739619760395491,0,False,True,False,False,False,True,False,False,True,False,False,True,False,-0.32202137638024275
C0158,0.19514922076669106,골드,0.2660066048042844,0.490140757589184,1.784734220052154,0,False,True,False,False,False,False,True,False,True,False,False,True,False,-0.11873131580389198
C0159,0.055973032312927086,브론즈,-0.4736286766851381,-1.0801042323990488,-0.2531233629400887,0,True,False,False,False,True,False,False,False,True,False,False,True,False,0.03994424810395504
C0160,1.0302063514892748,브론즈,-0.44077042562913193,-1.5287456581099725,-0.6236429234841331,1,True,False,True,False,False,False,False,False,False,False,True,False,True,1.7788900604067117
C0161,1.7956753879849765,브론즈,-0.5253543782008069,-1.0801042323990488,-0.2531233629400887,0,True,False,False,False,False,False,True,False,True,False,False,False,True,-0.05083192754778726
C0162,0.612677786127983,실버,-0.2065055080943136,-0.18282138097720146,-0.6236429234841331,0,False,True,False,False,False,True,False,False,False,True,False,False,True,-0.2065611343491427
C0163,-0.2919674388214828,골드,0.17519566808132592,1.1631028961555694,0.4879157581479993,0,True,False,False,False,False,False,True,False,True,False,False,True,False,-0.2995780633026975
C0164,-0.2919674388214828,브론즈,-0.47176212768608367,-1.3044249452545107,-1.3646820445722212,1,True,False,False,False,False,False,True,False,True,False,False,True,False,0.43634574487557143
C0165,-0.2919674388214828,VIP,0.7682083414282992,2.5090271732883402,0.4879157581479993,0,False,True,True,False,False,False,False,False,True,False,False,False,True,-0.27529349791527596
C0166,4.944531484830035e-16,골드,0.2257715351007327,0.490140757589184,0.8584353186920437,0,False,True,False,False,True,False,False,True,False,False,False,True,False,-0.1399145128282764
C0167,-0.6399079099558926,골드,0.1680414258015206,0.490140757589184,0.8584353186920437,0,False,True,False,False,False,True,False,False,False,False,True,True,False,-0.17030860158056965
C0168,-1.1966126637709484,브론즈,-0.587489768085776,-0.18282138097720146,-0.2531233629400887,0,False,True,False,True,False,False,False,False,False,True,False,False,True,-0.4931080519671339
C0169,-0.5703198157290107,브론즈,-0.4884199707776644,-0.855783519543587,-0.4383831432121109,0,False,True,False,False,False,False,True,False,False,False,True,False,True,-0.17526824052625947
C0170,4.944531484830035e-16,골드,0.15987957784563428,0.490140757589184,0.8584353186920437,0,True,False,True,False,False,False,False,False,True,False,False,False,True,-0.17460569947567647
C0171,-1.4053769464515944,브론즈,-0.47423849126787576,-0.855783519543587,-0.4383831432121109,1,False,True,False,False,False,False,True,False,True,False,False,True,False,-0.1566023678953364
C0172,-1.4749650406784764,실버,0.035726670935800446,0.490140757589184,-0.06786358266806648,0,False,True,False,False,True,False,False,False,False,False,True,True,False,-0.23997045483955012
C0173,1.0302063514892748,골드,0.10386395151144759,1.3874236090110312,1.0436950989640652,0,False,True,False,True,False,False,False,False,True,False,False,True,False,-0.3580784202473051
C0174,4.944531484830035e-16,브론즈,-0.44835151710646265,-1.3044249452545107,0.0,0,True,False,False,False,True,False,False,False,False,False,True,True,False,0.4979725271855165
C0175,0.7518539745817469,골드,0.28377143262816296,0.7144614704446458,0.8584353186920437,0,False,True,False,False,True,False,False,False,False,True,False,True,False,-0.16698322471334195
C0176,-0.08320315614083687,VIP,0.69199193801546,1.8360650347219547,1.9699940003241754,0,False,True,True,False,False,False,False,False,False,False,True,True,False,-0.21267188726648273
C0177,0.8214420688086288,골드,0.42719971398318096,0.26582004473372217,0.11739619760395491,0,False,True,False,True,False,False,False,False,False,True,False,True,False,0.044930829693777964
C0178,-1.1966126637709484,실버,-0.2563046886323124,-0.18282138097720146,-0.06786358266806648,0,True,False,True,False,False,False,False,False,True,False,False,True,False,-0.24401622943203455
C0179,1.4477349168505667,골드,0.19966434007427744,0.7144614704446458,0.30265597787597714,0,False,True,False,False,False,False,True,False,True,False,False,True,False,-0.20723885981530596
C0180,0.055973032312927086,실버,-0.3038473189968391,0.26582004473372217,-0.4383831432121109,1,False,True,True,False,False,False,False,False,True,False,False,True,False,-0.3827202343546361
C0181,4.944531484830035e-16,골드,6.630513977636954,1.1631028961555694,-0.06786358266806648,0,False,True,False,False,False,False,True,False,False,False,True,True,False,2.3147558539634723
C0182,-1.2662007579978305,골드,0.19117250050898568,0.490140757589184,1.599474439780131,1,True,False,False,False,False,False,True,False,True,False,False,True,False,-0.15813041681478715
C0183,-0.01361506191395489,골드,0.25866967883609937,0.7144614704446458,1.4142146595081095,0,False,True,False,False,False,False,True,False,True,False,False,True,False,-0.17899751518979912
C0184,0.7518539745817469,브론즈,-0.46001148420032123,-0.6314628066881252,-0.4383831432121109,1,False,True,True,False,False,False,False,False,True,False,False,True,False,-0.2589075825923121
C0185,4.944531484830035e-16,브론즈,-0.35379811146729756,-1.0801042323990488,0.6731755384200208,0,True,False,False,False,True,False,False,False,True,False,False,True,False,0.2502412594140316
C0186,-0.15279125036771884,브론즈,-0.5067963651152849,-0.6314628066881252,-0.9941624840281768,1,False,True,True,False,False,False,False,False,False,False,True,True,False,-0.3081707431875851
C0187,-1.1966126637709484,실버,-0.25112172630057933,-0.18282138097720146,2.1552537805961984,0,True,False,True,False,False,False,False,False,True,False,False,True,False,-0.24011800570929717
C0188,-0.43114362727524674,실버,0.09193492428279695,-0.6314628066881252,-0.2531233629400887,0,False,True,False,True,False,False,False,True,False,False,False,True,False,0.32227642449129645
C0189,-0.9182602868634206,실버,-0.16904469706837824,-0.6314628066881252,0.11739619760395491,1,True,False,False,False,False,True,False,False,True,False,False,True,False,0.04747224101833145
C0190,-0.7094960041827747,브론즈,-0.5773607941768383,-0.18282138097720146,-1.179422264300199,0,False,True,True,False,False,False,False,False,False,True,False,True,False,-0.4854898205674845
C0191,0.6822658803548649,골드,0.0846000825457642,0.7144614704446458,0.8584353186920437,0,False,True,False,False,False,False,True,False,False,True,False,False,True,-0.26231132307253524
C0192,0.47350159767421895,VIP,0.574404732253409,2.5090271732883402,1.9699940003241754,0,False,True,False,False,False,True,False,False,True,False,False,True,False,-0.32899606016463695
C0193,0.40391350344733695,브론즈,-0.39024270218251783,-1.0801042323990488,-0.8089027037561554,1,False,True,False,False,False,False,True,True,False,False,False,True,False,0.18628271518204018
C0194,-0.5007317215021287,골드,0.12187413411749283,0.9387821833001077,1.9699940003241754,1,False,True,True,False,False,False,False,True,False,False,False,True,False,-0.2860177962246057
C0195,1.6564991995312126,실버,-0.19919906808684185,0.9387821833001077,0.11739619760395491,0,True,False,False,True,False,False,False,True,False,False,False,True,False,-0.42688489201227303
C0196,-1.4749650406784764,실버,-0.22076570313586727,-0.6314628066881252,0.11739619760395491,1,True,False,True,False,False,False,False,False,True,False,False,True,False,-0.006988520198159547
C0197,4.944531484830035e-16,브론즈,-0.4134144580527662,-1.5287456581099725,-1.5499418248442434,0,False,True,False,False,True,False,False,False,True,False,False,True,False,1.922915373456355
C0198,-1.3357888522247126,골드,0.06737124706513895,1.3874236090110312,1.0436950989640652,0,False,True,False,False,True,False,False,False,False,True,False,False,True,-0.37180191629786163
C0199,-0.5703198157290107,VIP,0.5593891509152883,1.3874236090110312,1.2289548792360883,0,True,False,False,False,True,False,False,False,True,False,False,True,False,-0.1867729944149932
C0200,4.944531484830035e-16,골드,0.188388797313803,0.7144614704446458,0.30265597787597714,0,True,False,False,False,False,False,True,False,False,False,True,False,True,-0.21263560010390223
C0201,-0.43114362727524674,VIP,0.7488213648386013,1.611744321866493,0.8584353186920437,0,False,True,False,False,False,False,True,False,False,True,False,True,False,-0.1573679764623107
C0202,1.5173230110774487,VIP,0.7184916553409268,2.0603857475774165,2.34051356086822,0,False,True,True,False,False,False,False,False,False,True,False,True,False,-0.23566262048007658
C0203,4.944531484830035e-16,브론즈,-0.5875268000762293,-1.3044249452545107,-0.9941624840281768,0,True,False,False,False,False,False,True,False,False,False,True,True,False,0.1316034042046301
C0204,0.7518539745817469,실버,-0.1370404427350375,-0.18282138097720146,-1.179422264300199,1,True,False,False,False,False,True,False,False,False,False,True,False,True,-0.15431488049792347
C0205,-0.15279125036771884,실버,3.32504260263671,0.041499331878260354,-0.6236429234841331,1,True,False,False,False,False,False,True,False,True,False,False,False,True,2.050517926128651
C0206,-0.8486721926365386,VIP,0.6219897133475335,1.3874236090110312,1.4142146595081095,0,False,True,False,False,True,False,False,False,True,False,False,True,False,-0.16323134179328855
C0207,0.9606182572623928,브론즈,6.498747662934738,-1.0801042323990488,-0.4383831432121109,1,True,False,False,False,False,True,False,False,False,True,False,True,False,12.27613710328754
C0208,1.7260872937580947,실버,-0.06657123406174194,-0.4071420938326633,0.30265597787597714,1,False,True,False,False,False,True,False,False,False,True,False,False,True,0.005639652424974055
C0209,-0.8486721926365386,골드,0.23461596698655518,0.041499331878260354,1.2289548792360883,0,True,False,True,False,False,False,False,False,True,False,False,True,False,0.01668535187428883
C0210,1.0302063514892748,브론즈,-0.4277076525009393,-1.0801042323990488,-1.3646820445722212,0,True,False,True,False,False,False,False,False,False,True,False,False,True,0.12053348779150164
C0211,-0.8486721926365386,골드,0.30396841933284185,0.7144614704446458,0.0,0,False,True,False,True,False,False,False,False,False,False,True,True,False,-0.15731647126538661
C0212,0.8214420688086288,브론즈,-0.17826341488985986,-1.0801042323990488,-1.5499418248442434,1,False,True,False,False,True,False,False,False,False,False,True,False,True,0.5582964038118682
C0213,1.0997944457161568,VIP,0.48779226145126303,1.611744321866493,1.0436950989640652,0,False,True,False,False,False,True,False,False,False,True,False,False,True,-0.24898673868297583
C0214,-0.15279125036771884,골드,0.0796157511793737,0.7144614704446458,-0.06786358266806648,0,False,True,False,True,False,False,False,False,True,False,False,False,True,-0.26469694143859795
C0215,0.8910301630355109,브론즈,-0.5656881408773353,-1.0801042323990488,-1.7352016051162655,1,False,True,False,False,False,True,False,False,True,False,False,True,False,-0.12161578582588388
C0216,-0.7790840984096566,골드,0.06691075077072357,0.9387821833001077,1.4142146595081095,0,False,True,False,False,False,False,True,False,False,True,False,True,False,-0.3101323350075596
C0217,-1.4749650406784764,브론즈,-0.61782290018684,-0.18282138097720146,-0.2531233629400887,0,False,True,False,False,True,False,False,False,True,False,False,True,False,-0.5159222897664961
C0218,-1.4053769464515944,실버,-0.2474477861390793,-0.4071420938326633,0.6731755384200208,1,True,False,False,False,False,False,True,False,False,True,False,True,False,-0.15307527247246908
C0219,-0.15279125036771884,실버,-0.3510545388794147,0.041499331878260354,-0.06786358266806648,0,True,False,False,False,True,False,False,False,False,True,False,False,True,-0.368748729902465
C0220,4.944531484830035e-16,골드,0.20090194190894273,0.7144614704446458,0.0,0,False,True,False,True,False,False,False,False,True,False,False,False,True,-0.20664651443342405
C0221,-1.3357888522247126,브론즈,-0.4902247615743758,-0.6314628066881252,-2.105721165660309,1,True,False,True,False,False,False,False,False,True,False,False,False,True,-0.2907213118629477
C0222,-0.15279125036771884,브론즈,-0.44171449260191437,-0.18282138097720146,-0.2531233629400887,0,False,True,True,False,False,False,False,False,True,False,False,True,False,-0.3834671553701193
C0223,0.7518539745817469,골드,0.2204138364618873,0.9387821833001077,0.8584353186920437,0,False,True,False,False,False,False,True,True,False,False,False,False,True,-0.2427846593768845
C0224,-1.0574364753171845,실버,-0.14545575117698906,-1.0801042323990488,0.4879157581479993,1,True,False,False,True,False,False,False,False,False,True,False,True,False,0.6158723120481384
C0225,0.8214420688086288,실버,-0.2557815023132171,0.041499331878260354,0.30265597787597714,1,False,True,False,False,False,False,True,False,True,False,False,False,True,-0.3060488414853776
C0226,-0.7094960041827747,브론즈,-0.2563970364404631,-0.4071420938326633,-1.5499418248442434,1,True,False,False,False,False,False,True,True,False,False,False,False,True,-0.16092802935643066
C0227,1.1693825399430386,브론즈,-0.46957768368727537,-0.855783519543587,-1.920461385388287,0,False,True,False,False,False,False,True,False,False,True,False,False,True,-0.15046774417030986
C0228,0.334325409220455,골드,-0.047397842460494825,1.1631028961555694,0.11739619760395491,0,True,False,False,False,False,False,True,False,False,True,False,False,True,-0.38972602138423873
C0229,0.19514922076669106,브론즈,-0.6093251636547714,-1.0801042323990488,-0.4383831432121109,1,True,False,True,False,False,False,False,True,False,False,False,True,False,-0.19819671036614706
C0230,-1.1270245695440666,브론즈,-0.6927265622803017,-1.5287456581099725,-0.2531233629400887,1,False,True,True,False,False,False,False,False,True,False,False,True,False,0.4523765179899312
C0231,-0.08320315614083687,VIP,0.6828772976205799,1.8360650347219547,0.4879157581479993,0,False,True,True,False,False,False,False,False,True,False,False,False,True,-0.2156710933184688
C0232,1.3085587283968028,브론즈,-0.5098290215333248,-1.5287456581099725,-1.5499418248442434,0,True,False,False,False,False,False,True,False,False,True,False,True,False,1.415306287831135
C0233,-1.6837293233591224,골드,0.11011764825208996,0.7144614704446458,0.11739619760395491,0,False,True,False,False,False,False,True,False,True,False,False,True,False,-0.2500980152221168
C0234,0.9606182572623928,브론즈,-0.2688505480024298,-0.18282138097720146,-0.9941624840281768,0,False,True,True,False,False,False,False,False,False,True,False,True,False,-0.2534522552968734
C0235,4.944531484830035e-16,골드,0.2250751960882696,-0.18282138097720146,-0.2531233629400887,0,True,False,False,False,False,False,True,False,True,False,False,True,False,0.11804051845848931
C0236,0.8214420688086288,골드,0.24508757132533573,0.041499331878260354,-0.4383831432121109,1,False,True,False,False,True,False,False,False,True,False,False,True,False,0.023576791963250764
C0237,0.612677786127983,골드,0.0578428228573951,0.26582004473372217,0.11739619760395491,1,False,True,False,False,False,False,True,False,True,False,False,True,False,-0.17113716645097019
C0238,-0.22237934459460082,브론즈,-0.6089601076551296,-0.855783519543587,-0.8089027037561554,1,True,False,True,False,False,False,False,False,False,True,False,True,False,-0.33392494769956704
C0239,-0.6399079099558926,실버,-0.20943115011512642,-0.4071420938326633,-0.9941624840281768,0,False,True,True,False,False,False,False,False,True,False,False,True,False,-0.11971656753201206
C0240,0.47350159767421895,골드,0.18259349339196826,1.3874236090110312,0.6731755384200208,0,False,True,True,False,False,False,False,False,True,False,False,True,False,-0.32847128168488093
C0241,4.944531484830035e-16,브론즈,-0.7058118364974961,-0.4071420938326633,-0.06786358266806648,0,False,True,False,False,False,False,True,False,True,False,False,False,True,-0.5552789577639635
C0242,4.944531484830035e-16,브론즈,-0.5164391715938385,-0.6314628066881252,-1.7352016051162655,1,False,True,False,False,False,False,True,False,True,False,False,True,False,-0.31832434654943936
C0243,-1.4749650406784764,브론즈,-0.49447617073067196,-0.855783519543587,-0.9941624840281768,0,False,True,False,False,False,True,False,False,True,False,False,True,False,-0.18323950028601962
C0244,0.5430896919011009,VIP,0.6566088272026274,2.0603857475774165,2.1552537805961984,0,True,False,False,False,False,False,True,False,True,False,False,False,True,-0.2548275832343008
C0245,0.47350159767421895,골드,0.0711398975674991,0.26582004473372217,0.30265597787597714,0,False,True,True,False,False,False,False,False,True,False,False,True,False,-0.16335858601500708
C0246,-1.4749650406784764,실버,-0.27455219708976614,0.26582004473372217,-0.4383831432121109,1,True,False,True,False,False,False,False,False,True,False,False,True,False,-0.3655830468826911
C0247,4.944531484830035e-16,골드,0.14306190613606842,0.26582004473372217,1.599474439780131,0,False,True,True,False,False,False,False,False,False,True,False,False,True,-0.12128533750257049
C0248,-0.2919674388214828,실버,-0.20333027942701334,0.26582004473372217,-0.2531233629400887,1,True,False,True,False,False,False,False,False,True,False,False,True,False,-0.32391934058477195
C0249,1.0302063514892748,실버,-0.14525409366270664,0.26582004473372217,0.6731755384200208,0,True,False,False,False,False,True,False,True,False,False,False,True,False,-0.28994568154844846
C0250,-1.6141412291322403,실버,-0.09146329308355947,-0.18282138097720146,0.30265597787597714,1,True,False,False,False,False,True,False,True,False,False,False,True,False,-0.12003527076617862
C0251,-1.1270245695440666,실버,-0.2468483328276497,-0.18282138097720146,-0.2531233629400887,0,False,True,False,False,False,False,True,False,True,False,False,False,True,-0.23690388938999235
C0252,-0.01361506191395489,브론즈,-0.5476075196938319,-0.6314628066881252,0.0,0,False,True,True,False,False,False,False,False,True,False,False,False,True,-0.351143738368138
C0253,-1.1270245695440666,골드,0.21249627515684494,-0.6314628066881252,0.8584353186920437,0,True,False,False,False,False,False,True,False,True,False,False,True,False,0.44922412797025696
C0254,-0.5703198157290107,골드,0.23206502189348524,0.9387821833001077,1.4142146595081095,0,False,True,True,False,False,False,False,False,False,True,False,False,True,-0.2376728386364284
C0255,0.612677786127983,브론즈,-0.5451267261086651,-0.855783519543587,-1.179422264300199,1,False,True,False,False,True,False,False,False,True,False,False,False,True,-0.24990650881066304
C0256,-1.2662007579978305,실버,-0.12428283467840263,-0.18282138097720146,-0.06786358266806648,0,True,False,False,False,False,False,True,True,False,False,False,False,True,-0.1447195936351825
C0257,0.6822658803548649,브론즈,-0.3853823026105488,-0.6314628066881252,-0.8089027037561554,0,False,True,True,False,False,False,False,False,False,False,True,False,True,-0.18032515840204613
C0258,-1.4053769464515944,VIP,0.8268670046473671,1.8360650347219547,1.9699940003241754,0,True,False,False,True,False,False,False,False,False,False,True,True,False,-0.16829074894624058
C0259,-1.1270245695440666,VIP,0.881852094785097,1.3874236090110312,0.6731755384200208,0,True,False,False,False,False,False,True,False,False,True,False,True,False,-0.06550714131388666
C0260,0.334325409220455,VIP,0.5830218177630498,1.8360650347219547,2.1552537805961984,0,False,True,True,False,False,False,False,True,False,False,False,True,False,-0.24852890739974687
C0261,1.0997944457161568,브론즈,-0.494495816796625,-0.855783519543587,-0.4383831432121109,0,True,False,False,False,True,False,False,False,True,False,False,True,False,-0.18326535872797733
C0262,-1.1966126637709484,브론즈,-0.49479190995325395,-0.855783519543587,-1.7352016051162655,1,False,True,False,False,False,False,True,False,False,True,False,True,False,-0.18365508091068114
C0263,-0.7094960041827747,브론즈,-0.5071475688702443,-0.855783519543587,0.11739619760395491,0,False,True,False,False,False,False,True,False,True,False,False,False,True,-0.1999177815306326
C0264,1.5869111053043305,브론즈,-0.5694267533970786,-0.4071420938326633,0.8584353186920437,0,False,True,False,False,False,False,True,True,False,False,False,False,True,-0.4356042516021665
C0265,1.7956753879849765,브론즈,-0.6639206416527598,-1.3044249452545107,-0.06786358266806648,0,True,False,False,True,False,False,False,False,False,True,False,False,True,-0.069497999308336
C0266,0.334325409220455,브론즈,-0.4855942820193646,-0.855783519543587,0.30265597787597714,1,False,True,False,False,False,False,True,False,False,False,True,False,True,-0.17154902727910504
C0267,-0.15279125036771884,VIP,0.5941017246252499,2.5090271732883402,1.4142146595081095,0,False,True,False,False,False,False,True,False,True,False,False,False,True,-0.32353806604637764
C0268,-0.5007317215021287,브론즈,-0.4863497328724787,-1.5287456581099725,-2.105721165660309,1,True,False,False,False,False,False,True,True,False,False,False,False,True,1.5389214328674548
C0269,0.40391350344733695,브론즈,-0.5857855946216858,-0.855783519543587,0.0,1,False,True,False,False,False,False,True,False,False,True,False,False,True,-0.3034223116193646
C0270,0.334325409220455,골드,0.03879432808296507,0.490140757589184,0.8584353186920437,0,True,False,False,False,True,False,False,False,False,True,False,True,False,-0.23835537659486375
C0271,-0.7094960041827747,실버,-0.18711632431825828,-0.4071420938326633,-0.4383831432121109,0,False,True,False,False,False,False,True,True,False,False,False,True,False,-0.10013583216430591
C0272,-1.6837293233591224,골드,0.18009802798590016,0.26582004473372217,-0.06786358266806648,1,False,True,False,False,True,False,False,False,True,False,False,True,False,-0.09961978630986063
C0273,-1.2662007579978305,실버,-0.14813643850821603,-0.18282138097720146,-0.06786358266806648,1,True,False,False,False,True,False,False,False,True,False,False,True,False,-0.1626604310116844
C0274,1.6564991995312126,골드,0.4100272582847312,1.611744321866493,1.0436950989640652,0,False,True,False,False,False,True,False,False,True,False,False,True,False,-0.27628152398372235
C0275,-0.2919674388214828,실버,-0.18225872854621095,-0.855783519543587,-1.179422264300199,1,False,True,False,False,False,False,True,False,True,False,False,False,True,0.22770570503935827
C0276,-0.01361506191395489,실버,-0.15878017081528065,-0.6314628066881252,-0.4383831432121109,0,False,True,False,False,False,True,False,False,True,False,False,True,False,0.05828049777460787
C0277,-0.08320315614083687,골드,0.04129108204802922,0.041499331878260354,1.784734220052154,1,True,False,False,False,True,False,False,False,True,False,False,False,True,-0.11054318151531949
C0278,1.0302063514892748,실버,-0.3589981950277411,0.490140757589184,-0.8089027037561554,0,True,False,False,False,False,False,True,False,True,False,False,True,False,-0.44778753252169257
C0279,-1.5445531349053585,브론즈,-0.3172214230597798,-1.0801042323990488,-0.2531233629400887,0,True,False,False,False,False,True,False,True,False,False,False,True,False,0.314431628888945
C0280,-1.4749650406784764,실버,-0.31793430601645534,-0.18282138097720146,-0.4383831432121109,1,False,True,False,False,False,True,False,False,False,True,False,True,False,-0.2903692648456185
C0281,-0.7790840984096566,브론즈,-0.614021991381634,-1.0801042323990488,-0.4383831432121109,0,False,True,False,False,False,False,True,False,True,False,False,False,True,-0.2064394223303435
C0282,-0.01361506191395489,골드,0.1586275142265866,0.26582004473372217,1.4142146595081095,1,False,True,False,True,False,False,False,False,False,True,False,True,False,-0.11217970057065418
C0283,0.612677786127983,브론즈,-0.5062570728633263,-0.855783519543587,-0.2531233629400887,1,True,False,True,False,False,False,False,False,False,True,False,True,False,-0.19874569754376775
C0284,-0.01361506191395489,브론즈,-0.5980408839926429,0.26582004473372217,0.0,0,False,True,False,False,True,False,False,False,False,True,False,True,False,-0.5548188619816361
C0285,-0.22237934459460082,브론즈,-0.53052527286061,-0.18282138097720146,-1.7352016051162655,1,True,False,False,True,False,False,False,True,False,False,False,True,False,-0.4502637609174147
C0286,1.5869111053043305,골드,0.30195315349580426,0.26582004473372217,1.4142146595081095,0,False,True,True,False,False,False,False,True,False,False,False,True,False,-0.028336446479264917
C0287,-1.1966126637709484,브론즈,-0.5871358392057395,-0.6314628066881252,-1.3646820445722212,1,True,False,False,False,False,True,False,False,True,False,False,False,True,-0.39276594439054446
C0288,0.264737314993573,실버,-0.37106163539118725,-0.6314628066881252,0.11739619760395491,0,False,True,True,False,False,False,False,False,True,False,False,True,False,-0.16524589956325256
C0289,0.19514922076669106,골드,0.26954948842574056,-0.18282138097720146,0.8584353186920437,0,False,True,False,False,False,True,False,False,False,True,False,True,False,0.15149064414827332
C0290,-0.08320315614083687,브론즈,-0.4404412872257669,-0.4071420938326633,-0.4383831432121109,1,True,False,False,False,True,False,False,False,False,True,False,False,True,-0.32242253544755817
C0291,1.0997944457161568,골드,0.0929325861992687,1.1631028961555694,0.8584353186920437,0,True,False,False,False,False,False,True,False,False,True,False,False,True,-0.3328937194469893
C0292,4.944531484830035e-16,브론즈,-0.6748360945957363,-0.4071420938326633,-1.3646820445722212,0,True,False,True,False,False,False,False,False,True,False,False,True,False,-0.5280984719955355
C0293,1.6564991995312126,브론즈,-0.5802015810133704,-1.0801042323990488,-1.7352016051162655,0,False,True,True,False,False,False,False,False,False,True,False,True,False,-0.14708619130120987
C0294,-0.5703198157290107,실버,-0.2197709075427535,-0.18282138097720146,0.4879157581479993,0,False,True,False,False,False,False,True,False,True,False,False,True,False,-0.21653834265430216
C0295,4.944531484830035e-16,VIP,0.8126285717992501,2.0603857475774165,1.599474439780131,1,True,False,False,False,False,False,True,False,True,False,False,True,False,-0.20650864429642019
C0296,0.12556112653980905,브론즈,-0.6131901440832489,-0.6314628066881252,0.11739619760395491,1,True,False,True,False,False,False,False,False,True,False,False,True,False,-0.4202003928764105
C0297,1.3085587283968028,실버,-0.223139770849413,-0.4071420938326633,0.0,0,False,True,False,False,False,False,True,False,True,False,False,True,False,-0.13174556015323108
C0298,-0.22237934459460082,브론즈,-0.4197812207476,-1.5287456581099725,-1.920461385388287,0,True,False,False,False,False,False,True,False,True,False,False,False,True,1.889395265360144
C0299,-0.7790840984096566,실버,-0.48265051521826186,-0.18282138097720146,0.6731755384200208,0,True,False,False,False,True,False,False,False,False,False,True,True,False,-0.4142560680157955
C0300,-1.6837293233591224,실버,-0.09678176216323629,0.26582004473372217,-0.2531233629400887,0,True,False,False,False,True,False,False,False,True,False,False,True,False,-0.26159012683378685
C0301,4.944531484830035e-16,실버,-0.34719555666925955,-0.6314628066881252,0.11739619760395491,0,True,False,False,False,True,False,False,False,True,False,False,False,True,-0.14011559152645872
C0302,1.1693825399430386,실버,-0.17607747212175168,0.041499331878260354,-0.6236429234841331,0,True,False,True,False,False,False,False,False,False,True,False,True,False,-0.25359503105261433
C0303,-1.7533174175860045,브론즈,-0.46819331980115164,-0.6314628066881252,0.4879157581479993,1,False,True,False,False,False,True,False,False,False,False,True,False,True,-0.2675228248091393
C0304,1.4477349168505667,실버,-0.09104181728090324,0.26582004473372217,-0.8089027037561554,0,False,True,False,False,True,False,False,False,True,False,False,True,False,-0.25823234898124203
C0305,0.19514922076669106,실버,-0.15134057807207213,0.26582004473372217,-0.2531233629400887,0,False,True,False,False,False,False,True,False,False,False,True,True,False,-0.29350617959652736
C0306,-1.2662007579978305,실버,-0.4822011689557613,-0.4071420938326633,0.0,0,False,True,False,False,False,False,True,True,False,False,False,True,False,-0.3590658505504924
C0307,-0.7094960041827747,브론즈,-0.584738816943166,-1.5287456581099725,-1.5499418248442434,1,False,True,False,False,True,False,False,False,False,True,False,True,False,1.0209167746739314
C0308,0.19514922076669106,실버,-0.19797395074917382,-0.4071420938326633,0.11739619760395491,1,True,False,False,False,False,False,True,False,False,True,False,True,False,-0.1096631442661556
C0309,-0.6399079099558926,실버,-0.2356207068406225,0.26582004473372217,1.0436950989640652,1,True,False,True,False,False,False,False,False,True,False,False,True,False,-0.3428087348631637
C0310,-1.4053769464515944,브론즈,-0.4421006869370886,-1.0801042323990488,-1.179422264300199,0,False,True,False,True,False,False,False,True,False,False,False,True,False,0.09527438866180347
C0311,0.612677786127983,브론즈,-0.4068752266276915,-1.0801042323990488,-0.4383831432121109,0,True,False,False,False,False,False,True,False,True,False,False,True,False,0.1570934163165695
C0312,0.612677786127983,실버,-0.1448405308854358,-1.0801042323990488,-2.105721165660309,0,False,True,False,False,False,False,True,True,False,False,False,False,True,0.6169519947515937
C0313,-1.3357888522247126,골드,0.1388342803111439,1.611744321866493,0.6731755384200208,1,False,True,False,True,False,False,False,False,False,True,False,False,True,-0.37146771066730805
C0314,-0.7790840984096566,브론즈,-0.7046848059913595,-0.4071420938326633,-0.9941624840281768,1,True,False,False,False,True,False,False,False,True,False,False,True,False,-0.5542900149735122
C0315,-0.9182602868634206,골드,0.11158024858911234,1.1631028961555694,0.11739619760395491,0,False,True,False,False,False,False,True,False,True,False,False,False,True,-0.32534161838462466
C0316,0.612677786127983,실버,-0.16654415998557368,0.26582004473372217,0.6731755384200208,1,False,True,False,False,False,True,False,False,False,True,False,True,False,-0.3024000368852332
C0317,0.8214420688086288,골드,0.03983509452342873,0.9387821833001077,0.4879157581479993,0,True,False,False,False,False,True,False,False,False,True,False,True,False,-0.322011461125579
C0318,0.8214420688086288,실버,-0.14226174841655567,-0.18282138097720146,-0.2531233629400887,1,True,False,True,False,False,False,False,False,True,False,False,True,False,-0.1582419431251665
C0319,1.5869111053043305,실버,-0.11094997081174837,-0.18282138097720146,-0.4383831432121109,1,False,True,False,False,True,False,False,False,False,False,True,False,True,-0.1346916438083427
C0320,0.9606182572623928,실버,-0.19925505482906408,-0.4071420938326633,-1.5499418248442434,1,False,True,False,False,False,False,True,True,False,False,False,True,False,-0.11078728299774007
C0321,-0.6399079099558926,VIP,0.3347404952020892,2.6492276188230037,0.4879157581479993,0,True,False,False,False,False,False,True,False,False,True,False,True,False,-0.40647736735951917
C0322,-1.4053769464515944,실버,-0.35800172262833946,0.041499331878260354,0.6731755384200208,0,False,True,False,False,True,False,False,False,False,True,False,True,False,-0.3733207227933175
C0323,0.40391350344733695,실버,-0.0004682846983998056,-0.4071420938326633,-1.5499418248442434,1,True,False,False,False,False,False,True,False,True,False,False,False,True,0.06364343745519996
C0324,1.5173230110774487,실버,-0.2753434259269428,0.041499331878260354,-0.6236429234841331,0,False,True,False,False,True,False,False,False,False,False,True,True,False,-0.3189226877698084
C0325,1.7260872937580947,골드,-0.06114409920324625,0.26582004473372217,0.0,0,False,True,False,False,False,True,False,False,True,False,False,False,True,-0.24074265218784988
C0326,-0.9878483810903026,브론즈,-0.3564949088680881,-0.18282138097720146,0.4879157581479993,1,True,False,False,False,False,False,True,True,False,False,False,True,False,-0.3193715703184863
C0327,-0.9182602868634206,실버,-0.21208076792213376,-0.4071420938326633,0.4879157581479993,1,False,True,False,False,True,False,False,False,True,False,False,False,True,-0.12204154490700249
C0328,-1.6837293233591224,실버,-0.0887419967360757,0.041499331878260354,-0.4383831432121109,1,False,True,False,False,False,False,True,False,False,True,False,True,False,-0.1961189102224528
C0329,-1.2662007579978305,VIP,0.7122123597749259,2.2847064604328784,2.34051356086822,0,False,True,False,False,False,True,False,False,True,False,False,False,True,-0.26568643234620964
C0330,0.19514922076669106,실버,-0.16177697729881838,0.041499331878260354,-0.6236429234841331,0,True,False,False,False,False,False,True,False,True,False,False,True,False,-0.2441837698813169
C0331,0.19514922076669106,실버,-0.17257321116224378,-0.18282138097720146,0.6731755384200208,0,True,False,False,False,True,False,False,False,False,False,True,False,True,-0.18103988291003886
C0332,-0.43114362727524674,VIP,0.759728232118866,1.8360650347219547,0.4879157581479993,0,True,False,False,False,True,False,False,False,False,True,False,True,False,-0.19038300976692055
C0333,-0.6399079099558926,실버,0.04373828142409425,-0.18282138097720146,0.6731755384200208,0,True,False,True,False,False,False,False,False,False,True,False,True,False,-0.018347094899974874
C0334,1.2389706341699207,브론즈,-0.38635164907318037,-1.0801042323990488,-1.179422264300199,1,True,False,False,False,True,False,False,True,False,False,False,True,False,0.19311133055454455
C0335,4.944531484830035e-16,브론즈,-0.6746295819729814,-1.0801042323990488,-1.5499418248442434,1,False,True,False,False,True,False,False,True,False,False,False,False,True,-0.3128028959640929
C0336,1.1693825399430386,브론즈,-0.44559765551178837,-0.18282138097720146,-0.9941624840281768,1,False,True,False,False,True,False,False,True,False,False,False,False,True,-0.3863877704172024
C0337,1.7260872937580947,브론즈,-0.3670896502775794,-0.855783519543587,-0.6236429234841331,1,False,True,False,False,False,True,False,False,True,False,False,False,True,-0.015571482006780213
C0338,-0.6399079099558926,실버,-0.0776960052887355,-0.6314628066881252,-0.4383831432121109,0,True,False,False,True,False,False,False,False,False,True,False,True,False,0.14365983806465246
C0339,-1.0574364753171845,골드,0.11484299356490216,0.490140757589184,1.0436950989640652,0,True,False,True,False,False,False,False,True,False,False,False,True,False,-0.19831682624029157
C0340,1.6564991995312126,골드,0.2946730289812197,1.1631028961555694,0.0,0,False,True,True,False,False,False,False,False,True,False,False,False,True,-0.25119102768840795
C0341,0.5430896919011009,브론즈,-0.3912400647757734,-0.6314628066881252,-0.4383831432121109,1,True,False,False,False,False,False,True,False,True,False,False,True,False,-0.18649321681388398
C0342,-0.7094960041827747,실버,0.07708032071957424,0.041499331878260354,0.30265597787597714,1,False,True,False,False,False,True,False,False,False,False,True,False,True,-0.08699001944433604
C0343,0.47350159767421895,브론즈,-0.5808092870729746,-1.0801042323990488,-0.8089027037561554,1,False,True,True,False,False,False,False,False,False,True,False,True,False,-0.14815268688067626
C0344,0.055973032312927086,VIP,0.6235871813830473,2.0603857475774165,1.0436950989640652,0,True,False,True,False,False,False,False,False,False,True,False,True,False,-0.26505430737174795
C0345,1.5173230110774487,브론즈,3.6492249852780687,-1.0801042323990488,-0.6236429234841331,1,True,False,False,False,False,False,True,False,True,False,False,True,False,7.275358698528187
C0346,-0.8486721926365386,실버,-0.26898029079989483,-0.4071420938326633,0.30265597787597714,0,True,False,False,False,False,True,False,False,False,True,False,True,False,-0.17196953942330057
C0347,1.7956753879849765,브론즈,-0.5966301115553829,-0.4071420938326633,0.6731755384200208,0,True,False,True,False,False,False,False,False,False,True,False,True,False,-0.45947455926486164
C0348,1.5869111053043305,실버,-0.5257460312618909,0.26582004473372217,0.6731755384200208,1,True,False,False,False,True,False,False,False,True,False,False,True,False,-0.5125275054741071
C0349,-1.1270245695440666,실버,-0.2627067534085701,-0.6314628066881252,0.6731755384200208,1,False,True,False,False,False,False,True,False,False,True,False,False,True,-0.05115126368946
C0350,-1.1966126637709484,골드,0.2047792906279907,0.26582004473372217,2.34051356086822,0,False,True,False,True,False,False,False,False,True,False,False,True,False,-0.08518163424196652
C0351,0.12556112653980905,브론즈,-0.5517955875755645,-0.855783519543587,-0.4383831432121109,1,False,True,False,False,False,False,True,False,False,False,True,True,False,-0.25868416269709227
C0352,-1.6141412291322403,VIP,0.8995984208745201,2.5090271732883402,1.784734220052154,0,False,True,False,False,False,False,True,False,False,False,True,True,False,-0.23888559018615949
C0353,-0.7094960041827747,실버,-0.21207848312089125,-1.0801042323990488,0.4879157581479993,0,False,True,False,False,False,True,False,False,True,False,False,False,True,0.49895254798255856
C0354,-0.22237934459460082,골드,0.3089193976321797,0.9387821833001077,-0.06786358266806648,0,True,False,False,True,False,False,False,False,True,False,False,False,True,-0.20395388409722617
C0355,1.7260872937580947,골드,0.19258335719805378,0.041499331878260354,0.30265597787597714,0,True,False,False,False,False,False,True,True,False,False,False,True,False,-0.010976618800770511
C0356,1.7956753879849765,VIP,0.7742948598086634,1.611744321866493,1.0436950989640652,0,False,True,True,False,False,False,False,False,True,False,False,True,False,-0.148427019119603
C0357,-1.2662007579978305,브론즈,-0.46451452799075893,-1.0801042323990488,-0.2531233629400887,0,True,False,False,False,True,False,False,False,False,True,False,True,False,0.05593915080327245
C0358,4.944531484830035e-16,브론즈,-0.3414064630940694,-1.0801042323990488,-0.9941624840281768,1,True,False,False,False,False,True,False,False,False,True,False,True,False,0.27198802004524375
C0359,-1.4749650406784764,브론즈,-0.48974556543477277,-1.0801042323990488,-0.6236429234841331,1,False,True,True,False,False,False,False,False,False,True,False,True,False,0.011659865655256035
C0360,0.8910301630355109,브론즈,-0.44000923441923157,-0.855783519543587,0.0,1,False,True,True,False,False,False,False,False,True,False,False,False,True,-0.11154931485196845
C0361,1.2389706341699207,실버,-0.17219766608089693,-0.4071420938326633,0.4879157581479993,1,False,True,False,False,True,False,False,False,False,True,False,True,False,-0.08704506006300548
C0362,1.4477349168505667,VIP,0.6483451177562194,1.1631028961555694,1.2289548792360883,0,False,True,False,False,True,False,False,False,True,False,False,False,True,-0.10795766677014487
C0363,-0.9878483810903026,VIP,0.7266778208991883,2.2847064604328784,0.8584353186920437,0,True,False,False,False,False,True,False,False,False,True,False,False,True,-0.2614553982521893
C0364,1.4477349168505667,실버,0.03887469359125792,0.26582004473372217,0.8584353186920437,1,False,True,False,False,True,False,False,False,True,False,False,False,True,-0.18223322497760824
C0365,-1.3357888522247126,실버,-0.24414212100872182,0.26582004473372217,0.4879157581479993,1,False,True,False,False,False,False,True,False,True,False,False,True,False,-0.34779362868227925
C0366,0.055973032312927086,골드,0.21044088895515592,0.041499331878260354,-0.4383831432121109,0,False,True,False,True,False,False,False,False,False,True,False,True,False,0.0007755546255160919
C0367,-0.08320315614083687,VIP,0.8230357761116991,2.0603857475774165,1.2289548792360883,0,False,True,False,False,False,True,False,False,True,False,False,True,False,-0.2032855581992893
C0368,-0.6399079099558926,브론즈,-0.36722834471920157,-0.6314628066881252,-0.6236429234841331,1,False,True,False,False,False,True,False,False,True,False,False,True,False,-0.16120955255778235
C0369,-1.6837293233591224,실버,-0.21226597906396008,-0.6314628066881252,0.4879157581479993,0,True,False,False,False,False,False,True,False,True,False,False,True,False,0.0019614496164680733
C0370,1.0302063514892748,골드,-0.10625506308729529,0.7144614704446458,1.4142146595081095,1,True,False,False,False,False,False,True,False,True,False,False,True,False,-0.3536590901471646
C0371,-0.5703198157290107,브론즈,-0.43768365055410074,-0.855783519543587,-0.6236429234841331,1,True,False,False,False,True,False,False,False,True,False,False,True,False,-0.10848834704609892
C0372,0.612677786127983,실버,-0.4643694269531622,0.7144614704446458,0.30265597787597714,1,True,False,False,False,False,False,True,True,False,False,False,True,False,-0.5250610577912157
C0373,-0.2919674388214828,VIP,0.847007655553227,2.6492276188230037,1.4142146595081095,0,True,False,False,True,False,False,False,False,False,True,False,True,False,-0.2690498826513911
C0374,-0.43114362727524674,VIP,0.7000675933154782,1.1631028961555694,0.8584353186920437,0,True,False,True,False,False,False,False,False,False,False,True,True,False,-0.08701062502018518
C0375,1.4477349168505667,VIP,0.7938723595953077,2.6492276188230037,1.2289548792360883,0,False,True,False,False,True,False,False,True,False,False,False,True,False,-0.28330465172093955
C0376,-1.4749650406784764,골드,0.0611152945072424,0.26582004473372217,0.0,0,False,True,False,False,False,True,False,False,True,False,False,True,False,-0.16922282179188483
C0377,0.8910301630355109,브론즈,-0.6714848467222345,-0.4071420938326633,-0.8089027037561554,1,False,True,True,False,False,False,False,False,False,True,False,True,False,-0.5251578307214353
C0378,0.8910301630355109,브론즈,-0.46660340335932043,-0.4071420938326633,-2.2909809459323314,1,False,True,True,False,False,False,False,True,False,False,False,True,False,-0.3453791776966858
C0379,-0.43114362727524674,실버,-0.21738669442862477,-0.6314628066881252,-0.4383831432121109,1,False,True,False,False,True,False,False,False,False,True,False,False,True,-0.003430519293972723
C0380,-0.8486721926365386,실버,-0.26912928873163616,0.041499331878260354,-0.06786358266806648,0,False,True,False,False,True,False,False,False,False,True,False,True,False,-0.31483311822529747
C0381,-1.7533174175860045,실버,-0.20402389932309742,-0.18282138097720146,-0.2531233629400887,0,True,False,True,False,False,False,False,False,False,True,False,True,False,-0.20469466001200948
C0382,1.5869111053043305,실버,0.09910426295791981,0.041499331878260354,-0.2531233629400887,0,False,True,False,False,True,False,False,False,True,False,False,True,False,-0.07249590053495113
C0383,1.6564991995312126,실버,-0.1192963280436155,-0.18282138097720146,0.30265597787597714,0,True,False,False,True,False,False,False,False,False,True,False,True,False,-0.14096912870544515
C0384,-0.9182602868634206,골드,0.2816287408139897,1.1631028961555694,-0.06786358266806648,0,True,False,True,False,False,False,False,True,False,False,False,False,True,-0.25647382295068083
C0385,-1.6837293233591224,브론즈,-0.4007092946996805,-0.855783519543587,-2.105721165660309,1,False,True,False,False,False,False,True,True,False,False,False,True,False,-0.059822154177247885
C0386,-1.3357888522247126,브론즈,-0.3289009508301924,-0.855783519543587,-0.9941624840281768,0,False,True,True,False,False,False,False,False,True,False,False,False,True,0.034693047821261064
C0387,-1.5445531349053585,브론즈,-0.5175424847133507,-0.4071420938326633,-0.2531233629400887,1,True,False,True,False,False,False,False,False,False,False,True,True,False,-0.3900770248117328
C0388,1.2389706341699207,브론즈,-0.7282347806046839,-0.6314628066881252,0.4879157581479993,1,True,False,False,False,False,False,True,False,True,False,False,False,True,-0.5413391516750375
C0389,1.4477349168505667,골드,0.14173687287214887,0.9387821833001077,1.2289548792360883,0,True,False,False,False,False,False,True,True,False,False,False,True,False,-0.277303252925608
C0390,-1.2662007579978305,실버,-0.12187136416194222,-0.4071420938326633,-1.179422264300199,0,True,False,False,False,True,False,False,False,True,False,False,True,False,-0.04288491250547288
C0391,0.8910301630355109,브론즈,-0.6056444570695253,-1.3044249452545107,-0.9941624840281768,1,True,False,True,False,False,False,False,True,False,False,False,True,False,0.08390994914950844
C0392,-1.1270245695440666,골드,0.1431176379403055,0.490140757589184,0.0,0,False,True,False,True,False,False,False,False,False,False,True,False,True,-0.1834306245507814
C0393,-0.43114362727524674,실버,-0.29175326293474235,-0.4071420938326633,0.11739619760395491,0,False,True,False,False,False,False,True,False,True,False,False,True,False,-0.19195228743880058
C0394,0.40391350344733695,브론즈,-0.3263510810258198,-0.4071420938326633,-0.4383831432121109,1,False,True,False,False,False,False,True,False,True,False,False,True,False,-0.22231105996556172
C0395,0.8214420688086288,브론즈,-0.41138462728568653,-0.4071420938326633,-1.5499418248442434,0,False,True,False,False,False,True,False,False,False,False,True,True,False,-0.2969259990132029
C0396,1.3781468226236846,브론즈,-0.42244825397894564,-0.855783519543587,-0.8089027037561554,0,False,True,False,False,False,True,False,False,True,False,False,True,False,-0.0884352932192994
C0397,-1.6141412291322403,실버,-0.1433547530640653,0.490140757589184,0.30265597787597714,0,False,True,False,False,False,False,True,False,False,True,False,False,True,-0.3342543001502893
C0398,-1.0574364753171845,브론즈,-0.5002749963300553,-0.18282138097720146,-0.2531233629400887,0,True,False,False,False,False,False,True,True,False,False,False,True,False,-0.42751184067504944
C0399,-0.7790840984096566,브론즈,-0.4737441912291294,-0.855783519543587,-1.3646820445722212,0,True,False,False,False,False,False,True,False,False,True,False,False,True,-0.1559517628891147
C0400,-0.6399079099558926,브론즈,-0.6299808333103523,-1.3044249452545107,-0.9941624840281768,0,False,True,True,False,False,False,False,False,True,False,False,False,True,0.019846153986817563
C0401,1.7956753879849765,실버,-0.46063709168670885,0.490140757589184,0.0,0,True,False,True,False,False,False,False,False,False,True,False,True,False,-0.5012989788577207
C0402,1.0302063514892748,브론즈,-0.4791084344922323,-0.855783519543587,-1.179422264300199,1,True,False,False,False,False,False,True,False,True,False,False,True,False,-0.16301225904124408
C0403,-0.6399079099558926,골드,0.1996531578467052,0.7144614704446458,0.30265597787597714,0,True,False,False,False,False,False,True,True,False,False,False,False,True,-0.20724421189274803
C0404,1.7260872937580947,브론즈,-0.35943072181689634,-1.0801042323990488,0.0,1,False,True,True,False,False,False,False,False,True,False,False,False,True,0.24035629291786687
C0405,-0.01361506191395489,실버,-0.036043735088495364,-0.6314628066881252,0.11739619760395491,0,True,False,False,True,False,False,False,False,True,False,False,False,True,0.18751850428123884
C0406,0.055973032312927086,실버,-0.036194840854880284,-0.855783519543587,-0.06786358266806648,1,False,True,False,False,True,False,False,False,True,False,False,False,True,0.4199571497311443
C0407,-0.22237934459460082,실버,-0.32635705202658866,0.041499331878260354,-1.7352016051162655,1,True,False,True,False,False,False,False,False,True,False,False,True,False,-0.35249513155327494
C0408,-1.2662007579978305,브론즈,-0.5358688008954937,-1.3044249452545107,-0.6236429234841331,1,True,False,False,False,False,False,True,False,True,False,False,False,True,0.2675894460573686
C0409,1.5869111053043305,골드,0.21731855590538962,2.0603857475774165,-0.06786358266806648,0,True,False,False,False,False,False,True,True,False,False,False,True,False,-0.3908747216890817
C0410,-1.7533174175860045,골드,0.44912660903975066,0.26582004473372217,1.0436950989640652,0,True,False,False,False,False,False,True,False,False,False,True,False,True,0.05775771986525653
C0411,-1.1270245695440666,브론즈,-0.32882896908996956,-1.5287456581099725,-1.7352016051162655,1,False,True,False,False,False,True,False,False,False,False,True,False,True,2.368246049233622
C0412,-0.9878483810903026,브론즈,-0.3695848889409029,-0.6314628066881252,-0.8089027037561554,0,True,False,False,False,False,True,False,True,False,False,False,True,False,-0.16369092718508005
C0413,-0.7790840984096566,VIP,0.6371022764609217,2.5090271732883402,1.2289548792360883,0,True,False,False,True,False,False,False,False,True,False,False,False,True,-0.3116227058446584
C0414,-1.3357888522247126,실버,-0.3133830301008013,-0.18282138097720146,0.11739619760395491,1,False,True,False,True,False,False,False,True,False,False,False,True,False,-0.2869461468278587
C0415,-1.7533174175860045,브론즈,-0.40692705225877507,-0.6314628066881252,0.0,0,False,True,False,True,False,False,False,False,True,False,False,True,False,-0.20301117236956392
C0416,0.6822658803548649,브론즈,-0.6204304978362565,-1.5287456581099725,-0.9941624840281768,0,True,False,False,True,False,False,False,False,False,False,True,True,False,0.833005106057373
C0417,1.7260872937580947,실버,-0.2405308764377684,-0.4071420938326633,-1.179422264300199,1,False,True,False,False,False,False,True,False,False,True,False,True,False,-0.147005846716849
C0418,-1.3357888522247126,골드,0.15007649972124162,0.26582004473372217,-0.4383831432121109,0,False,True,False,False,False,False,True,False,False,True,False,False,True,-0.11718191012343426
C0419,-0.7094960041827747,실버,-0.033605820264016456,-1.0801042323990488,-0.4383831432121109,0,True,False,True,False,False,False,False,True,False,False,False,True,False,0.8121636851504556
C0420,0.055973032312927086,VIP,0.6408412072924277,1.8360650347219547,0.0,0,False,True,False,False,True,False,False,True,False,False,False,True,False,-0.22950322394041264
C0421,4.944531484830035e-16,실버,-0.48920196665222154,-1.0801042323990488,-0.4383831432121109,0,False,True,False,False,False,False,True,False,False,False,True,True,False,0.01261385597579318
C0422,0.7518539745817469,브론즈,-0.43906870796006453,-1.5287456581099725,-0.2531233629400887,1,False,True,False,False,False,True,False,False,False,True,False,False,True,1.78784936405135
C0423,0.9606182572623928,실버,-0.29257268279897636,-0.4071420938326633,0.0,1,True,False,False,False,True,False,False,False,False,True,False,True,False,-0.19267130911804925
C0424,0.334325409220455,브론즈,-0.4912492803923642,-1.3044249452545107,-1.5499418248442434,1,True,False,True,False,False,False,False,False,True,False,False,False,True,0.3850471888816487
C0425,-0.2919674388214828,브론즈,3.432631227864077,-0.6314628066881252,-0.9941624840281768,1,True,False,False,False,False,False,True,False,True,False,False,False,True,3.8399354477661105
C0426,-1.0574364753171845,브론즈,-0.5269921463607934,-0.6314628066881252,-0.6236429234841331,1,False,True,False,False,False,False,True,False,True,False,False,True,False,-0.32943633145856605
C0427,1.3085587283968028,브론즈,-0.4067651708872615,-0.4071420938326633,-0.6236429234841331,0,False,True,False,False,False,False,True,False,True,False,False,False,True,-0.2928725345540309
C0428,1.0997944457161568,골드,-0.010153913612144926,1.1631028961555694,2.1552537805961984,0,True,False,False,False,False,True,False,False,True,False,False,False,True,-0.37464263405439047
C0429,-1.6837293233591224,브론즈,-0.5544839014682502,-0.4071420938326633,-1.3646820445722212,1,True,False,False,False,True,False,False,False,False,False,True,False,True,-0.42249225010501523
C0430,0.8214420688086288,실버,-0.13630000767611083,-0.18282138097720146,-0.06786358266806648,0,False,True,False,False,True,False,False,False,False,True,False,True,False,-0.15375798246797207
C0431,-1.4749650406784764,실버,-0.28297559619232204,0.041499331878260354,0.30265597787597714,1,False,True,False,False,False,False,True,True,False,False,False,False,True,-0.3239454753418934
C0432,0.8910301630355109,실버,-0.39536976845766636,0.041499331878260354,-0.06786358266806648,1,False,True,True,False,False,False,False,False,False,True,False,True,False,-0.3979129095054043
C0433,4.944531484830035e-16,골드,0.23858575440696767,0.7144614704446458,0.30265597787597714,0,True,False,True,False,False,False,False,False,True,False,False,False,True,-0.18861015437021741
C0434,-1.3357888522247126,골드,0.28994439565417707,0.490140757589184,-0.4383831432121109,1,False,True,False,False,False,True,False,False,True,False,False,True,False,-0.10612840636101309
C0435,-0.22237934459460082,골드,0.15796128961673486,0.490140757589184,0.30265597787597714,0,True,False,False,False,False,True,False,False,True,False,False,False,True,-0.17561565118700023
C0436,-1.3357888522247126,브론즈,-0.7176231935481512,-1.3044249452545107,-1.5499418248442434,0,False,True,False,False,False,False,True,True,False,False,False,True,False,-0.21086618207699698
C0437,0.264737314993573,실버,-0.13382191787274372,0.041499331878260354,-1.3646820445722212,0,True,False,False,True,False,False,False,False,True,False,False,False,True,-0.2257863389829109
C0438,1.5869111053043305,실버,-0.4011414578778982,-0.18282138097720146,-0.6236429234841331,0,True,False,False,False,False,False,True,False,False,True,False,False,True,-0.35295125416507966
C0439,-1.4749650406784764,브론즈,-0.4611747848045151,-1.0801042323990488,-1.5499418248442434,0,True,False,False,False,False,True,False,True,False,False,False,False,True,0.061800243165922
C0440,-0.3615555330483648,브론즈,-0.5963412032066995,-1.0801042323990488,-0.4383831432121109,0,False,True,False,False,False,False,True,True,False,False,False,False,True,-0.1754104698753841
C0441,1.7260872937580947,브론즈,-0.6271170546715011,-1.3044249452545107,-0.4383831432121109,1,False,True,False,False,False,False,True,False,True,False,False,False,True,0.027384849407003763
C0442,-0.7094960041827747,실버,-0.26352147662367537,0.26582004473372217,-0.8089027037561554,1,True,False,False,False,False,True,False,False,True,False,False,True,False,-0.35913024818201805
C0443,-1.3357888522247126,실버,-0.23430071405556277,-0.18282138097720146,-0.2531233629400887,1,False,True,False,False,False,False,True,False,True,False,False,True,False,-0.2274665402389599
C0444,-0.01361506191395489,브론즈,-0.5688556235726568,-1.3044249452545107,-2.105721165660309,1,True,False,True,False,False,False,False,False,True,False,False,False,True,0.18075396035705518
C0445,0.055973032312927086,골드,0.22956322615265567,1.1631028961555694,0.30265597787597714,0,True,False,True,False,False,False,False,False,True,False,False,True,False,-0.27755979181724383
C0446,0.612677786127983,VIP,0.6305170267916865,1.611744321866493,1.784734220052154,0,True,False,False,False,False,False,True,False,False,True,False,True,False,-0.19889168733032744
C0447,-0.6399079099558926,브론즈,-0.38531388338826267,-1.5287456581099725,-0.2531233629400887,1,False,True,False,False,True,False,False,True,False,False,False,False,True,2.0708609378613443
C0448,1.6564991995312126,VIP,0.7126885573398767,2.2847064604328784,0.8584353186920437,0,True,False,False,False,False,True,False,False,True,False,False,True,False,-0.2655471482877556
C0449,0.12556112653980905,브론즈,-0.5748835511471136,-1.0801042323990488,-0.06786358266806648,1,False,True,False,False,False,True,False,False,False,True,False,False,True,-0.13775329877167503
C0450,-0.7790840984096566,VIP,0.5830756300549675,1.611744321866493,0.30265597787597714,0,True,False,True,False,False,False,False,False,True,False,False,False,True,-0.21554317174579482
C0451,1.6564991995312126,VIP,0.4947671456726913,1.8360650347219547,0.4879157581479993,0,True,False,True,False,False,False,False,False,False,False,True,True,False,-0.2775694328820395
C0452,1.5869111053043305,브론즈,-0.46321608315314866,-0.4071420938326633,-0.2531233629400887,1,True,False,False,False,False,False,True,False,False,True,False,True,False,-0.3424068837981583
C0453,-0.01361506191395489,골드,0.12298028280144283,0.7144614704446458,1.9699940003241754,0,False,True,False,False,False,False,True,True,False,False,False,True,False,-0.24394165542954727
C0454,-1.6837293233591224,VIP,0.412882985679204,1.3874236090110312,1.784734220052154,0,True,False,False,False,False,False,True,True,False,False,False,True,False,-0.24186830210745905
C0455,0.40391350344733695,VIP,0.620387933638396,2.0603857475774165,1.4142146595081095,0,False,True,False,True,False,False,False,False,True,False,False,True,False,-0.2660451066889794
C0456,4.944531484830035e-16,VIP,4.653280569230607,1.611744321866493,-0.2531233629400887,1,False,True,False,False,False,True,False,False,True,False,False,False,True,1.2130605114165267
C0457,-1.2662007579978305,실버,-0.03555315544712825,0.7144614704446458,-1.5499418248442434,0,True,False,False,False,False,True,False,False,True,False,False,False,True,-0.31981949221846606
C0458,4.944531484830035e-16,브론즈,-0.6884640643925497,-0.855783519543587,-0.6236429234841331,1,False,True,True,False,False,False,False,False,False,True,False,False,True,-0.43856922893205585
C0459,1.2389706341699207,골드,0.00018631189829260684,-0.18282138097720146,0.4879157581479993,0,False,True,True,False,False,False,False,True,False,False,False,False,True,-0.051103520648615466
C0460,-1.4053769464515944,실버,-0.08817374987393432,0.041499331878260354,-0.8089027037561554,0,True,False,True,False,False,False,False,False,True,False,False,False,True,-0.19574494276918633
C0461,0.8214420688086288,실버,-0.06028841647499568,0.7144614704446458,-0.06786358266806648,0,True,False,True,False,False,False,False,False,False,False,True,True,False,-0.3316583706275814
C0462,4.944531484830035e-16,실버,-0.29776585085799673,0.490140757589184,-0.06786358266806648,1,True,False,True,False,False,False,False,False,False,True,False,False,True,-0.4155495664793941
C0463,0.8910301630355109,실버,-0.2850095443346958,0.7144614704446458,0.6731755384200208,1,False,True,False,False,False,False,True,False,True,False,False,False,True,-0.4392151942929117
C0464,4.944531484830035e-16,브론즈,-0.4264374104486846,-1.3044249452545107,-0.6236429234841331,1,True,False,False,False,False,False,True,False,True,False,False,True,False,0.5556598683987104
C0465,-1.7533174175860045,골드,-0.099894948985881,1.1631028961555694,1.599474439780131,0,False,True,False,True,False,False,False,False,False,True,False,True,False,-0.4109867802757859
C0466,1.7260872937580947,브론즈,-0.7063634695965164,-1.0801042323990488,-0.8089027037561554,0,False,True,True,False,False,False,False,False,False,True,False,True,False,-0.3684943776186056
C0467,-1.1966126637709484,골드,0.13132510296671826,0.7144614704446458,0.6731755384200208,0,False,True,False,True,False,False,False,False,False,True,False,False,True,-0.23994762798947583
C0468,0.334325409220455,골드,0.3381683005282875,0.041499331878260354,1.4142146595081095,0,True,False,False,False,False,False,True,False,True,False,False,True,False,0.0848339067267876
C0469,-1.1270245695440666,실버,-0.26282320309502333,-0.4071420938326633,-0.8089027037561554,0,False,True,False,False,True,False,False,False,False,False,True,False,True,-0.16656683961814386
C0470,1.5869111053043305,실버,-0.20218492048396594,-0.4071420938326633,1.9699940003241754,0,True,False,False,False,False,False,True,False,True,False,False,True,False,-0.11335817127505814
C0471,0.8910301630355109,브론즈,-0.3679587165413542,-0.4071420938326633,-0.4383831432121109,1,True,False,False,False,False,False,True,True,False,False,False,False,True,-0.2588207825922108
C0472,1.0997944457161568,VIP,0.9189767002279673,2.2847064604328784,1.784734220052154,0,True,False,False,False,False,False,True,False,True,False,False,False,True,-0.20520948201815306
C0473,-0.22237934459460082,골드,0.09786689991409442,0.9387821833001077,1.0436950989640652,0,True,False,False,False,False,False,True,False,True,False,False,True,False,-0.29655068821593067
C0474,-0.08320315614083687,브론즈,-0.49796857359806,-1.5287456581099725,0.6731755384200208,1,True,False,False,True,False,False,False,False,False,True,False,False,True,1.47774987429968
C0475,0.47350159767421895,브론즈,-0.2901911726950715,-1.0801042323990488,-0.2531233629400887,0,True,False,True,False,False,False,False,False,False,True,False,False,True,0.36186844817063324
C0476,1.0302063514892748,브론즈,-0.6680603069356936,-1.0801042323990488,-1.920461385388287,0,True,False,False,False,True,False,False,False,False,True,False,True,False,-0.30127412695341443
C0477,1.3085587283968028,실버,-0.09748287949124113,0.26582004473372217,1.0436950989640652,0,True,False,True,False,False,False,False,False,False,True,False,False,True,-0.2620002694892079
C0478,-1.7533174175860045,VIP,0.565858622662538,2.2847064604328784,1.2289548792360883,0,False,True,True,False,False,False,False,True,False,False,False,True,False,-0.30849375429678316
C0479,4.944531484830035e-16,골드,0.17462373108332915,1.1631028961555694,0.6731755384200208,0,True,False,True,False,False,False,False,False,False,True,False,True,False,-0.29980969158509974
C0480,-1.4053769464515944,브론즈,-0.5234798411344401,-1.3044249452545107,-1.7352016051162655,1,False,True,False,False,False,False,True,False,False,True,False,False,True,0.3002025094221381
C0481,-0.7790840984096566,골드,0.0547990708472187,-0.4071420938326633,1.0436950989640652,0,False,True,False,True,False,False,False,False,False,True,False,True,False,0.11213924348401345
C0482,4.944531484830035e-16,브론즈,-0.6071474044652398,-1.5287456581099725,-1.3646820445722212,0,False,True,False,False,False,True,False,False,True,False,False,False,True,0.9029387202016286
C0483,-0.8486721926365386,골드,0.19427753193475814,1.3874236090110312,0.6731755384200208,0,False,True,False,False,True,False,False,False,False,True,False,True,False,-0.3240773662645414
C0484,1.0997944457161568,브론즈,-0.383579652942541,-1.0801042323990488,-0.9941624840281768,1,False,True,True,False,False,False,False,False,True,False,False,False,True,0.1979760535121374
C0485,-0.08320315614083687,실버,-0.2282487876253047,-0.6314628066881252,1.4142146595081095,0,False,True,False,False,False,False,True,False,False,True,False,False,True,-0.014867997194610443
C0486,-0.9182602868634206,VIP,0.6888407723801343,2.5090271732883402,2.34051356086822,0,False,True,False,True,False,False,False,False,True,False,False,False,True,-0.29728608017695746
C0487,-0.5703198157290107,브론즈,-0.4315289146603346,-0.18282138097720146,-0.8089027037561554,0,False,True,True,False,False,False,False,False,True,False,False,True,False,-0.3758063507915183
C0488,0.12556112653980905,실버,-0.32337355702354104,-0.18282138097720146,-0.06786358266806648,1,True,False,False,False,False,False,True,False,False,True,False,True,False,-0.2944602491037762
C0489,0.9606182572623928,VIP,0.7644969072320343,1.611744321866493,1.2289548792360883,0,True,False,True,False,False,False,False,True,False,False,False,True,False,-0.15186600839596534
C0490,0.40391350344733695,브론즈,-0.4034881609141455,-0.855783519543587,-0.06786358266806648,0,False,True,False,False,False,True,False,False,False,True,False,True,False,-0.06347973890116734
C0491,1.5869111053043305,브론즈,-0.2018810316237007,-0.855783519543587,0.0,0,True,False,False,False,True,False,False,False,True,False,False,True,False,0.20187854012916817
C0492,1.3781468226236846,실버,-0.2560860404985506,0.490140757589184,-0.4383831432121109,0,False,True,False,False,False,True,False,False,False,False,True,True,False,-0.39360573386549946
C0493,0.9606182572623928,브론즈,-0.5478250949124249,-0.6314628066881252,-0.06786358266806648,0,True,False,False,False,False,True,False,False,False,True,False,True,False,-0.3513728389392088
C0494,0.40391350344733695,브론즈,-0.4091803110180229,-0.6314628066881252,-1.179422264300199,0,True,False,False,False,False,False,True,False,False,False,True,True,False,-0.20538379031682963
C0495,4.944531484830035e-16,실버,6.534189514897114,0.26582004473372217,-0.06786358266806648,0,False,True,False,True,False,False,False,False,False,True,False,True,False,3.6174242106566328
C0496,-0.2919674388214828,골드,0.10258553414578775,0.26582004473372217,-0.4383831432121109,0,False,True,True,False,False,False,False,False,False,True,False,True,False,-0.1449633811434863
C0497,-1.3357888522247126,브론즈,-0.5416197531420733,-0.4071420938326633,-0.2531233629400887,1,False,True,False,False,True,False,False,True,False,False,False,True,False,-0.4112042621817063
C0498,-0.43114362727524674,브론즈,-0.4349235153384544,-1.0801042323990488,0.6731755384200208,0,True,False,False,False,False,False,True,False,False,True,False,False,True,0.10786998757355444
C0499,1.5869111053043305,골드,0.06953612917903282,-0.4071420938326633,1.2289548792360883,0,False,True,False,True,False,False,False,False,True,False,False,True,False,0.12507066593474125
C0500,4.944531484830035e-16,실버,-0.25997628203670103,-1.0801042323990488,1.0436950989640652,1,False,True,False,False,False,False,True,False,False,True,False,False,True,0.414894161526528
