노선ID,노선번호,기점,종점,수집일시
DGB4090003021,칠곡3[동명-칠곡시장-동명-기성-대구은행연수원-동명],동명교통,동명교통,2026-07-03
DGB4090003023,칠곡3[하판-동명-기성-동명],송학교입구,동명교통,2026-07-03
DGB4090005000,칠곡5,도남동(종점),도남동(종점),2026-07-03
DGB4090005001,칠곡5[도남-팔거역-도남],도남동(종점),도남동(종점),2026-07-03
DGB4100001020,팔공1[동화사],칠성고가도로하단,동화시설집단지구(종점)2(대구시민안전테마파크),2026-07-03
DGB4100001021,팔공1[신무동],칠성고가도로하단,팔공학생야영장앞,2026-07-03
DGB4100001022,팔공1[능성동],칠성고가도로하단,능성동(종점)2,2026-07-03
DGB4100001023,팔공1[평광동],칠성고가도로하단,평광종점,2026-07-03
DGB4100001024,"팔공1[동화사(국가정보자원관리원경유,오전)]",칠성고가도로하단,동화시설집단지구(종점)2(대구시민안전테마파크),2026-07-03
DGB4100001025,"팔공1[동화사(국가정보자원관리원경유, 오후)]",칠성고가도로하단,동화시설집단지구(종점)2(대구시민안전테마파크),2026-07-03
DGB4110001006,"팔공2[팔공산맞춤노선(토요일,공휴일운행)]",동대구역지하도2,갓바위,2026-07-03
DGB4110002000,"팔공3[팔공산맞춤노선(토,휴일,공휴일운행)]",칠곡경대병원역건너2,갓바위,2026-07-03
DGB4120002000,서구2,방천리공영차고지,방천리공영차고지,2026-07-03
DGB4130001000,남구1,앞산공원,앞산공원,2026-07-03
DGB4130001100,남구1-1,앞산공원,앞산공원,2026-07-03
DGB4130002000,남구2,앞산공원,방천리공영차고지,2026-07-03
DGB5000001000,직행1,학정청아람건너,영남대 앞,2026-07-03
DGB5000002000,직행2,기업은행국가산단지점건너,동대구역(2번출구)건너,2026-07-03
DGB7361101008,군위1[군위-도경-광현-용대-상곡-하곡-군위],군위공용버스터미널,도경1리,2026-07-03
DGB7361101009,군위1[군위-효령-마시1리-교수촌-구효령],군위공용버스터미널,장군리,2026-07-03
DGB7361102008,군위2[군위-오곡-대북-삽령-외량-내량-군위],군위공용버스터미널,군위공용버스터미널,2026-07-03
DGB7361102009,군위2[군위-효령-화계-달산-봉산-우보-봉산-병수2-오천-군위],군위공용버스터미널,군위공용버스터미널,2026-07-03
DGB7361102010,군위2[군위-병수2-봉산-우보-달산-화계-효령-군위],군위공용버스터미널,군위공용버스터미널,2026-07-03
DGB7361103010,군위3[군위-소보-위성1-위성4-보현-복성-소보-군위],군위공용버스터미널,군위공용버스터미널,2026-07-03
DGB7361104009,군위4[군위-산법-평호-신계-달산-봉황-소보-서경-군위],군위공용버스터미널,군위공용버스터미널,2026-07-03
DGB7361105009,군위5[군위-불로-내리-효령-구효령-매곡],군위공용버스터미널,매곡2리 마을회관,2026-07-03
DGB7361106009,군위6[군위-노행-효령-장기-효령],군위공용버스터미널,군위공용버스터미널,2026-07-03
DGB7361106011,군위6[군위-효령-구효령-매곡],군위공용버스터미널,매곡2리 마을회관,2026-07-03
DGB7361106012,군위6[군위-우보-의흥-화수-삼국유사-화수2-신녕],군위공용버스터미널,신녕버스정류장,2026-07-03
DGB7361107009,군위7[군위-우보-의흥-화수-삼국유사-화수2-신녕],군위공용버스터미널,신녕버스정류장,2026-07-03
DGB7361107010,군위7[군위-노행-효령-군위],군위공용버스터미널,군위공용버스터미널,2026-07-03
DGB7361107011,군위7[낙전-화수-의흥-우보-군위],군위공용버스터미널,군위공용버스터미널,2026-07-03
DGB7361108009,군위8[군위-수서-효령-명산-부계-둔덕],군위공용버스터미널,남산2리,2026-07-03
DGB7361109008,군위9[군위-우보-탑리-산성-봉림-백학-부계],군위공용버스터미널,군위공용버스터미널,2026-07-03
DGB7361110011,군위10[낙전-가암2-화수-금양-원산-의흥-우보-군위],군위공용버스터미널,군위공용버스터미널,2026-07-03
DGB7361110012,군위10[낙전-가암2-지호-신덕-의흥-우보-군위],군위공용버스터미널,군위공용버스터미널,2026-07-03
DGB7361110013,군위10[군위-우보-의흥-신덕-지호-학암-가암2-낙전],군위공용버스터미널,군위공용버스터미널,2026-07-03
DGB7361110014,군위10[군위-우보-의흥-원산-금양-학암-가암-낙전],군위공용버스터미널,군위공용버스터미널,2026-07-03
DGB7361110015,군위10[군위-우보-의흥-신덕-지호-학암-낙전],군위공용버스터미널,군위공용버스터미널,2026-07-03
DGB7361110016,군위10[군위-우보-의흥-학암-낙전],군위공용버스터미널,군위공용버스터미널,2026-07-03
DGB7361111009,군위11[군위-우보-의흥-산성-백학-부계],군위공용버스터미널,창평1리,2026-07-03
DGB4030005001,달서5,남도버스1,신흥버스,2026-07-03
DGB4030006000,달서6,남도버스1,남도버스2,2026-07-03
DGB4040001006,달성1[다산-대곡-다산],다산(종점),다산(종점),2026-07-03
DGB4040001007,달성1[다산-대곡-득성-다산],다산(종점),다산(종점),2026-07-03
DGB4040001008,달성1[다산-대곡-노곡-다산],다산(종점),다산(종점),2026-07-03
DGB4040001009,달성1[다산-대곡-득성-노곡-다산],다산(종점),다산(종점),2026-07-03
DGB4040002044,달성2[노이],대천공영차고지앞,대천교,2026-07-03
DGB4040002045,달성2[마비정],대천공영차고지앞,대천교,2026-07-03
DGB4040002046,달성2[달성군청],대천공영차고지앞,대천교,2026-07-03
DGB4040002047,달성2[용연사],대천공영차고지앞,대천교,2026-07-03
DGB4040002048,달성2[미진이지비아],대천공영차고지앞,대천교,2026-07-03
DGB4040003002,달성3,현풍공영버스정류장2,현풍공영버스정류장1,2026-07-03
DGB4040003003,달성3[도동방면(현풍장날방면운행)],현풍공영버스정류장2,현풍공영버스정류장1,2026-07-03
DGB4040004006,달성4,기업은행국가산단지점건너,구지119안전센터건너,2026-07-03
DGB4040005000,달성5[대곡-용연사-유가사],유천교2,유가사(종점),2026-07-03
DGB4040005001,달성5[유가사-유곡1-용연사-대곡],유가사(종점),유천교1,2026-07-03
DGB4040005002,달성5[유가사-용연사-대곡],유가사(종점),유천교1,2026-07-03
DGB4040005003,달성5[대곡-용연사-유곡1-유가사],유천교2,유가사(종점),2026-07-03
DGB4040005070,달성5[대곡-용연사-휴양림-유가사(토·공휴일)],유천교2,유가사(종점),2026-07-03
DGB4040005071,달성5[유가사-용연사-대곡(토·공휴일)],유가사(종점),유천교1,2026-07-03
DGB4040005072,달성5[대곡-용연사-유가사(토·공휴일)],유천교2,유가사(종점),2026-07-03
DGB4040006022,달성6,현풍공영버스정류장2,본말(종점),2026-07-03
DGB4040007011,달성7,현풍공영버스정류장2,유산리,2026-07-03
DGB4050001001,동구1,조일고등학교(종점),조일고등학교(종점),2026-07-03
DGB4050001101,동구1-1,조일고등학교(종점),조일고등학교(종점),2026-07-03
DGB4050003000,동구3[부동방면],칠성고가도로하단,부동(종점),2026-07-03
DGB4050003001,동구3[옻골방면],칠성고가도로하단,경주최씨종가(종점),2026-07-03
DGB4050003002,동구3[K2관사방면],칠성고가도로하단,K2관사입구(종점),2026-07-03
DGB4050003003,동구3[둔산방면],칠성고가도로하단,구둔산,2026-07-03
DGB4050003004,동구3[K2관사방면(둔산경유)],칠성고가도로하단,K2관사입구(종점),2026-07-03
DGB4050004000,동구4,반야월역(4번출구)1,동호공영차고지건너,2026-07-03
DGB4050004100,동구4-1,동호공영차고지앞,반야월역(3번출구),2026-07-03
DGB4050005000,동구5,매여동(동구)저탄장,매여동(동구)저탄장,2026-07-03
DGB4050005100,동구5[용계역방면],매여동(동구)저탄장,용계삼거리1,2026-07-03
DGB4050006000,동구6,LH14단지아파트,안심역(5번출구),2026-07-03
DGB4050006100,동구6[LH14단지-안심역-내곡동],LH14단지아파트,안심역(5번출구),2026-07-03
DGB4050006200,동구6[내곡동-안심역-LH14단지],내곡동마을회관,안심역(5번출구),2026-07-03
DGB4050007001,동구7,동호공영차고지앞,동호공영차고지건너,2026-07-03
DGB4050008001,동구8,연경동종점2,연경동종점1,2026-07-03
DGB4050010000,동구10,반야월역(4번출구)2,반야월역(3번출구),2026-07-03
DGB4060001000,북구1,도남LH2단지아파트건너,성보교통건너,2026-07-03
DGB4060002002,북구2,봉무공원앞,청라언덕(신남)역(1번출구),2026-07-03
DGB4060003002,북구3,노곡동,동호공영차고지건너,2026-07-03
DGB4060004000,북구4,방천리공영차고지,방천리공영차고지,2026-07-03
DGB4060005000,북구5,관음변전소2,관음변전소1,2026-07-03
DGB4060005001,북구5[도덕마을경유],관음변전소2,관음변전소1,2026-07-03
DGB4060006000,북구6,성보교통앞,성보교통건너,2026-07-03
DGB4060007000,북구7,칠곡우방타운건너(종점),칠곡우방타운앞(종점),2026-07-03
DGB4060008000,북구8,관음변전소3,관음변전소4,2026-07-03
DGB4070001000,성서1,연화리,매곡(종점),2026-07-03
DGB4070001100,성서1-1,연화리,매곡(종점),2026-07-03
DGB4070002028,성서2[대천-대평-대천],대천공영차고지앞,영진전문대학칠곡캠퍼스정문,2026-07-03
DGB4070002029,성서2[대천-하산스무지-대천],대천공영차고지앞,하산스무지(종점),2026-07-03
DGB4070002030,성서2[대천-강정-육신사-강정-대천],대천공영차고지앞,육신사,2026-07-03
DGB4070002031,성서2[대천-하산스무지(육신사)-대천],대천공영차고지앞,하산스무지(종점),2026-07-03
DGB4070002032,"성서2[대천-기곡(대평,상당,터실)-대천]",대천공영차고지앞,기곡(종점),2026-07-03
DGB4070002035,성서2[대천-하산스무지(대구보훈요양원)-대천],대천공영차고지앞,하산스무지(종점),2026-07-03
DGB4070002036,"성서2[대천-기곡(육신사,도채)-대천]",대천공영차고지앞,기곡(종점),2026-07-03
DGB4070002037,"성서2[대천-강정-기곡(육신사,도채)-강정-대천]",대천공영차고지앞,기곡(종점),2026-07-03
DGB4070002038,성서2[대천-문산-하산스무지-대천],대천공영차고지앞,하산스무지(종점),2026-07-03
DGB4070002039,성서2[대천-하산스무지-문산-대천],대천공영차고지앞,하산스무지(종점),2026-07-03
DGB4070003000,성서3[다사-세천-장기-세천-다사],연화리,매곡(종점),2026-07-03
DGB4070003003,성서3[다사-세천-장기-이천-다사],연화리,매곡(종점),2026-07-03
DGB4070003007,성서3[다사-이천-팔달시장-이천-다사],연화리,매곡(종점),2026-07-03
DGB4070003008,성서3[다사-이천-장기-이천-다사],연화리,매곡(종점),2026-07-03
DGB4070003010,성서3[다사-세천-팔달시장-세천-다사],연화리,매곡(종점),2026-07-03
DGB4070003011,성서3[다사-이천-장기-세천-다사],연화리,매곡(종점),2026-07-03
DGB4080001000,수성1,범물1동행정복지센터건너,범물1동행정복지센터앞,2026-07-03
DGB4080001100,수성1-1,범물1동행정복지센터건너,범물1동행정복지센터앞,2026-07-03
DGB4080002003,수성2[시지-팔현-연호네거리],덕원고등학교앞2,덕원고등학교건너,2026-07-03
DGB4080002004,수성2[시지-팔현-연호네거리(연호)],덕원고등학교앞2,덕원고등학교건너,2026-07-03
DGB4080002005,수성2[시지-팔현-연호네거리(이천)],덕원고등학교앞2,덕원고등학교건너,2026-07-03
DGB4080003002,수성3,반야월역(4번출구)2,반야월역(3번출구),2026-07-03
DGB4080003102,수성3-1,반야월역(4번출구)2,반야월역(3번출구),2026-07-03
DGB4080004001,수성4,범물1동행정복지센터건너,범물1동행정복지센터앞,2026-07-03
DGB4080005000,수성5,가창초등학교앞,두리봉터널종점,2026-07-03
DGB4080006000,수성6,반야월역(2번출구),반야월역(3번출구),2026-07-03
DGB4090001001,칠곡1,관음변전소2,관음변전소1,2026-07-03
DGB4090001101,칠곡1-1,관음변전소2,관음변전소1,2026-07-03
DGB4090002016,칠곡2[동호동-노곡동-동호동],북구 동호동(종점)1,노곡동,2026-07-03
DGB4090002017,칠곡2[추동교-노곡동-동호동],추동교,노곡동,2026-07-03
DGB4090002018,칠곡2[칠곡농장-노곡동-동호동],연호2동주민센터,노곡동,2026-07-03
DGB4090003001,칠곡3[동명-칠곡시장-동명-예술대-경운대-동명],동명교통,동명교통,2026-07-03
DGB4090003007,칠곡3[동명-칠곡시장-동명],동명교통,동명교통,2026-07-03
DGB4090003011,칠곡3[동명-칠곡시장-동명-경운대-동명],동명교통,동명교통,2026-07-03
DGB4090003013,칠곡3[동명-칠곡시장-동명-기성-동명],동명교통,동명교통,2026-07-03
DGB4090003014,칠곡3[동명-칠곡시장-동명-경운대-예술대-동명],동명교통,동명교통,2026-07-03
DGB4090003015,칠곡3[동명-칠곡시장-동명-하판],동명교통,송학리윗세뜸,2026-07-03
DGB4090003017,칠곡3[동명-칠곡시장-동명-기성-파계사-동명],동명교통,동명교통,2026-07-03
DGB4090003018,칠곡3[기성-동명-칠곡시장-동명-대구은행연수원-기성-동명],방턱골,동명교통,2026-07-03
DGB1000001000,급행1,동화시설집단지구(종점)1,매곡(종점),2026-07-03
DGB1000002001,급행2,냉천전원음식점지구,북구 동호동(종점)2(서리지입구),2026-07-03
DGB1000003000,급행3,범물1동행정복지센터건너,동명교통,2026-07-03
DGB1000005000,급행5,대구대(정문1),신흥버스,2026-07-03
DGB1000007000,급행7,남도버스1,북구 동호동(종점)2(서리지입구),2026-07-03
DGB1000008004,급행8,기업은행국가산단지점건너,서대구역(남측)2,2026-07-03
DGB1000008101,급행8-1,유곡리공영차고지앞,진천역(2번출구),2026-07-03
DGB1000009002,급행9,북구 동호동(종점)1,군위군청,2026-07-03
DGB1000009100,급행9-1,북구 동호동(종점)1,우보버스정류장,2026-07-03
DGB1000009200,급행9-2,북구 동호동(종점)1,삼국유사면문화관,2026-07-03
DGB1000009300,급행9-3,북구 동호동(종점)1,소보시장,2026-07-03
DGB1000010000,급행10,대천공영차고지앞,반야월역(3번출구),2026-07-03
DGB2000002000,순환2,성보교통앞,성보교통건너,2026-07-03
DGB2000002100,순환2-1,성보교통앞,성보교통건너,2026-07-03
DGB2000003000,순환3,범물1동행정복지센터건너,범물1동행정복지센터앞,2026-07-03
DGB2000003100,순환3-1,범물1동행정복지센터건너,범물1동행정복지센터앞,2026-07-03
DGB3000101011,101[덕곡방면],파계사(종점),파계사(종점),2026-07-03
DGB3000101012,101[덕곡방면(서촌로경유-상행)],파계사(종점),파계사(종점),2026-07-03
DGB3000101013,101[덕곡방면(서촌로경유-하행)],파계사(종점),파계사(종점),2026-07-03
DGB3000101016,101[파계사방면],파계사(종점),파계사(종점),2026-07-03
DGB3000101017,101[파계사방면(휴일)],파계사(종점),파계사(종점),2026-07-03
DGB3000101018,101[덕곡방면(휴일)],파계사(종점),파계사(종점),2026-07-03
DGB3000101019,"101[덕곡방면(휴일,서촌로경유-상행)]",파계사(종점),파계사(종점),2026-07-03
DGB3000101020,"101[덕곡방면(휴일,서촌로경유-하행)]",파계사(종점),파계사(종점),2026-07-03
DGB3000101110,101-1[파계사방면],파계사(종점),파계사(종점),2026-07-03
DGB3000101111,101-1[덕곡방면],파계사(종점),파계사(종점),2026-07-03
DGB3000101112,101-1[파계사방면(휴일)],파계사(종점),파계사(종점),2026-07-03
DGB3000101113,101-1[덕곡방면(휴일)],파계사(종점),파계사(종점),2026-07-03
DGB3000101114,101-1[덕곡방면(서촌로경유-상행)],파계사(종점),파계사(종점),2026-07-03
DGB3000101115,"101-1[덕곡방면(휴일,서촌로경유-상행)]",파계사(종점),파계사(종점),2026-07-03
DGB3000101116,101-1[덕곡방면(서촌로경유-하행)],파계사(종점),파계사(종점),2026-07-03
DGB3000101117,"101-1[덕곡방면(휴일,서촌로경유-하행)]",파계사(종점),파계사(종점),2026-07-03
DGB3000156000,156,신덕마을입구건너,신흥버스,2026-07-03
DGB3000204000,204,범물1동행정복지센터건너,금호지구종점(종점방향),2026-07-03
DGB3000232000,232,방천리공영차고지,방천리공영차고지,2026-07-03
DGB3000240001,240,방천리공영차고지,냉천전원음식점지구,2026-07-03
DGB3000300000,300,유통단지회차지2,앞산공원,2026-07-03
DGB3000304001,304,유통단지회차지2,가창초등학교건너,2026-07-03
DGB3000306000,306,유통단지회차지2,대곡공원건너,2026-07-03
DGB3000309002,309,서대구역(남측)1,부적주공A 건너,2026-07-03
DGB3000320000,320,성보교통앞,앞산공원,2026-07-03
DGB3000323101,232-1,방천리공영차고지,방천리공영차고지,2026-07-03
DGB3000326000,326,남도버스1,유통단지회차지,2026-07-03
DGB3000349000,349,덕원고등학교앞2,유통단지회차지,2026-07-03
DGB3000356000,356,조야동(종점),월광수변공원,2026-07-03
DGB3000401000,401,범물1동행정복지센터건너,갓바위,2026-07-03
DGB3000401078,"401[능성동맞춤노선(평일,오전)]",범물1동행정복지센터건너,갓바위,2026-07-03
DGB3000401079,"401[능성동맞춤노선(평일,오후)]",범물1동행정복지센터건너,갓바위,2026-07-03
DGB3000402001,402,범물1동행정복지센터건너,서대구역(남측)2,2026-07-03
DGB3000403001,403,범물1동행정복지센터건너,조야동(종점),2026-07-03
DGB3000405004,405,삼산리(세왕교통1),방천리공영차고지,2026-07-03
DGB3000410000,410,앞산공원,앞산공원,2026-07-03
DGB3000410100,410-1,앞산공원,앞산공원,2026-07-03
DGB3000413001,413,가창초등학교앞,유통단지회차지,2026-07-03
DGB3000425000,425,황금고가교네거리,매곡(종점),2026-07-03
DGB3000501000,501,신흥버스,연경동종점1,2026-07-03
DGB3000503001,503,연경동종점2,신흥버스,2026-07-03
DGB3000504000,504,방천리공영차고지,두리봉터널종점,2026-07-03
DGB3000509002,509,방천리공영차고지,소라아파트 건너,2026-07-03
DGB3000518002,518,신흥버스,안심역(4번출구),2026-07-03
DGB3000520000,520,연화리,매곡(종점),2026-07-03
DGB3000523002,523,성보교통앞,방천리공영차고지,2026-07-03
DGB3000527000,527,연화리,동명교통,2026-07-03
DGB3000564000,564,연화리,범물1동행정복지센터앞,2026-07-03
DGB3000609007,609,대천공영차고지앞,금구동(종점),2026-07-03
DGB3000618003,618,대곡주공8단지건너,동호공영차고지건너,2026-07-03
DGB3000623002,623,달성군청건너,성보교통건너,2026-07-03
DGB3000649000,649,대곡공원앞,금구동(종점),2026-07-03
DGB3000650005,650,다산(종점),동대구역(2번출구)건너,2026-07-03
DGB3000651000,651,명곡미래빌1단지,반야월역(3번출구),2026-07-03
DGB3000653000,653,설화리(종점)1,성보교통건너,2026-07-03
DGB3000655000,655,유곡리공영차고지앞,매곡(종점),2026-07-03
DGB3000665000,665[달성2차산단-대천동],기업은행국가산단지점건너,대천교,2026-07-03
DGB3000665003,665[대곡-용연사-유가사(토·공휴일)],대곡역(1번출구),유가사(종점),2026-07-03
DGB3000706001,706,관음변전소2,대곡주공8단지앞,2026-07-03
DGB3000707000,707,관음변전소3,관음변전소4,2026-07-03
DGB3000708002,708,북구 동호동(종점)1,동호공영차고지건너,2026-07-03
DGB3000719001,719,칠곡우방타운건너(종점),금구동(종점),2026-07-03
DGB3000724000,724,칠곡우방타운건너(종점),덕원고등학교건너,2026-07-03
DGB3000725000,725,북구 동호동(종점)1,매곡(종점),2026-07-03
DGB3000726000,726,북구 동호동(종점)1,대곡주공8단지앞,2026-07-03
DGB3000730002,730,동명교통,대덕맨션앞,2026-07-03
DGB3000802000,802,대구대(정문1),서대구역(남측)2,2026-07-03
DGB3000805000,805,달서아트센터앞,반야월역(3번출구),2026-07-03
DGB3000814001,814,대구대(정문1),진밭골(종점)2,2026-07-03
DGB3000836001,836,동호공영차고지앞,대천교,2026-07-03
DGB3000848000,848[동호-망우당공원-동호],동호공영차고지앞,동호공영차고지건너,2026-07-03
DGB3000848001,848[동호(금강)-망우당공원-동호(금강)],금강동,금강동,2026-07-03
DGB3000848002,848[동호(금강)-망우당공원-동호],금강동,동호공영차고지건너,2026-07-03
DGB3000848003,848[동호-망우당공원-동호(금강)],동호공영차고지앞,금강동,2026-07-03
DGB3000894000,894,경일대종점,범물1동행정복지센터앞,2026-07-03
DGB3000937000,937,덕원고등학교앞2,관음변전소1,2026-07-03
DGB3001725000,7250,태전역2,모다아울렛앞,2026-07-03
DGB3001814000,8140,TBC건너,동대구역,2026-07-03
DGB4010002001,가창2[우록방면],칠성고가도로하단,칠성고가도로하단,2026-07-03
DGB4010002003,가창2[단산(행정)방면],칠성고가도로하단,칠성고가도로하단,2026-07-03
DGB4010002004,가창2[정대방면],칠성고가도로하단,칠성고가도로하단,2026-07-03
DGB4010002118,가창2[단산(냉천)방면],칠성고가도로하단,칠성고가도로하단,2026-07-03
DGB4030001000,달서1,대천공영차고지앞,매곡(종점),2026-07-03
DGB4030002002,달서2,남도버스1,앞산공원,2026-07-03
DGB4030003002,달서3,신흥버스,화원유원지(사문진주막촌),2026-07-03
