순위,선수,팀,포지션,경기,선발,이닝,풋아웃,어시스트,실책,병살 처리,수비율,포일,피도루,도루 실패,도루저지율,견제사
1,이창진,KIA,좌익수,33,19,186,44,0,0,0,1,0,0,0,0,0
1,서건창,KIA,2루수,7,4,34,11,12,0,4,1,0,0,0,0,0
1,박정우,KIA,중견수,18,13,92,20,0,0,0,1,0,0,0,0,0
1,박정우,KIA,좌익수,22,2,49,11,0,0,0,1,0,0,0,0,0
1,박정우,KIA,우익수,18,1,46,6,0,0,0,1,0,0,0,0,0
1,박재현,KIA,좌익수,16,1,38,8,0,0,0,1,0,0,0,0,0
1,나성범,KIA,우익수,71,69,541,99,9,0,2,1,0,0,0,0,0
1,오선우,KIA,좌익수,56,37,333,90,2,0,1,1,0,0,0,0,0
1,서건창,KIA,1루수,2,2,13,13,0,0,1,1,0,0,0,0,0
1,최형우,KIA,좌익수,5,4,29,4,0,0,0,1,0,0,0,0,0
1,김석환,KIA,좌익수,29,26,193,44,0,0,0,1,0,0,0,0,0
1,고종욱,KIA,좌익수,28,21,160,43,2,0,0,1,0,0,0,0,0
1,한승택,KIA,포수,12,5,54,39,8,0,0,1,0,4,1,20,0
1,최정용,KIA,2루수,3,2,17,4,6,0,1,1,0,0,0,0,0
1,정현창,KIA,2루수,4,2,15,2,5,0,1,1,0,0,0,0,0
1,정현창,KIA,유격수,4,1,14,3,7,0,2,1,0,0,0,0,0
1,변우혁,KIA,1루수,18,6,68,54,9,0,5,1,0,0,0,0,0
1,박헌,KIA,우익수,7,3,32,7,0,0,0,1,0,0,0,0,0
1,김규성,KIA,1루수,7,2,23,23,3,0,0,1,0,0,0,0,0
1,정해원,KIA,우익수,12,7,53,16,0,0,0,1,0,0,0,0,0
1,김석환,KIA,우익수,10,7,48,11,0,0,0,1,0,0,0,0,0
1,박민,KIA,유격수,8,0,15,1,9,0,1,1,0,0,0,0,0
23,한준수,KIA,포수,93,57,525,452,36,3,5,0.994,5,44,12,21.4,0
24,위즈덤,KIA,1루수,88,60,552,536,28,4,48,0.993,0,0,0,0,0
25,김태군,KIA,포수,95,79,656,554,70,7,7,0.989,3,62,21,25.3,2
26,황대인,KIA,1루수,16,15,113,107,4,2,10,0.982,0,0,0,0,0
27,오선우,KIA,1루수,77,59,505,482,33,10,43,0.981,0,0,0,0,0
27,박민,KIA,3루수,45,13,173,14,39,1,4,0.981,0,0,0,0,0
29,김규성,KIA,2루수,79,25,301,65,97,4,21,0.976,0,0,0,0,0
30,김호령,KIA,중견수,104,94,852,218,7,6,1,0.974,0,0,0,0,0
30,주효상,KIA,포수,7,3,39,34,3,1,0,0.974,0,1,1,50,0
32,박찬호,KIA,유격수,134,131,1114,229,356,16,84,0.973,0,0,0,0,0
33,박민,KIA,2루수,22,14,112,22,47,2,10,0.972,0,0,0,0,0
34,김선빈,KIA,2루수,72,68,503,96,126,9,33,0.961,0,0,0,0,0
35,오선우,KIA,우익수,19,13,102,20,3,1,1,0.958,0,0,0,0,0
36,변우혁,KIA,3루수,34,27,240,19,57,4,2,0.95,0,0,0,0,0
37,김규성,KIA,유격수,25,11,119,21,39,4,5,0.938,0,0,0,0,0
37,박재현,KIA,중견수,20,7,81,14,1,1,0,0.938,0,0,0,0,0
39,김규성,KIA,3루수,31,6,109,10,17,2,2,0.931,0,0,0,0,0
40,윤도현,KIA,2루수,25,21,175,31,48,6,10,0.929,0,0,0,0,0
41,윤도현,KIA,3루수,17,16,115,6,19,2,1,0.926,0,0,0,0,0
41,위즈덤,KIA,3루수,58,54,406,33,79,9,5,0.926,0,0,0,0,0
43,김도영,KIA,3루수,25,25,201,11,43,5,4,0.915,0,0,0,0,0
44,정해원,KIA,좌익수,8,4,44,10,0,1,0,0.909,0,0,0,0,0
44,이창진,KIA,우익수,6,4,27,10,0,1,0,0.909,0,0,0,0,0
46,박재현,KIA,우익수,8,4,39,14,0,2,0,0.875,0,0,0,0,0
47,윤도현,KIA,유격수,1,1,9,1,2,1,1,0.75,0,0,0,0,0
48,김도영,KIA,유격수,1,0,2,0,0,0,0,0,0,0,0,0,0
48,서건창,KIA,좌익수,1,0,1,0,0,0,0,0,0,0,0,0,0
48,정현창,KIA,3루수,1,1,8,0,0,0,0,0,0,0,0,0,0
48,위즈덤,KIA,우익수,1,0,1,0,0,0,0,0,0,0,0,0,0
48,위즈덤,KIA,좌익수,1,0,1,0,0,0,0,0,0,0,0,0,0
1,최성민,KT,우익수,21,2,50,10,0,0,0,1,0,0,0,0,0
1,김민석,KT,포수,2,0,2,1,0,0,0,1,0,1,0,0,0
1,안치영,KT,우익수,17,1,35,10,0,0,0,1,0,0,0,0,0
1,유준규,KT,좌익수,17,4,41,8,0,0,0,1,0,0,0,0,0
1,장준원,KT,3루수,11,0,26,2,4,0,1,1,0,0,0,0,0
1,장진혁,KT,중견수,20,13,109,36,1,0,0,1,0,0,0,0,0
1,장준원,KT,2루수,11,4,40,11,16,0,4,1,0,0,0,0,0
1,유준규,KT,중견수,8,1,25,8,1,0,0,1,0,0,0,0,0
1,안치영,KT,좌익수,23,9,87,22,0,0,0,1,0,0,0,0,0
1,안치영,KT,중견수,5,2,19,5,0,0,0,1,0,0,0,0,0
1,권동진,KT,2루수,4,2,24,4,9,0,0,1,0,0,0,0,0
1,장진혁,KT,좌익수,41,11,159,37,3,0,1,1,0,0,0,0,0
1,문상철,KT,1루수,61,45,382,351,30,0,31,1,0,0,0,0,0
1,송민섭,KT,우익수,3,0,4,2,0,0,0,1,0,0,0,0,0
1,황재균,KT,유격수,1,0,1,0,1,0,0,1,0,0,0,0,0
1,최성민,KT,좌익수,10,1,17,6,1,0,0,1,0,0,0,0,0
1,강민성,KT,2루수,16,6,74,20,28,0,5,1,0,0,0,0,0
1,오서진,KT,유격수,2,0,2,2,1,0,1,1,0,0,0,0,0
1,유준규,KT,우익수,2,2,12,2,0,0,0,1,0,0,0,0,0
1,이호연,KT,1루수,12,9,80,68,5,0,3,1,0,0,0,0,0
1,윤준혁,KT,1루수,9,1,23,19,2,0,4,1,0,0,0,0,0
1,이호연,KT,2루수,5,0,8,1,2,0,1,1,0,0,0,0,0
1,윤준혁,KT,유격수,4,0,11,0,4,0,1,1,0,0,0,0,0
1,강민성,KT,1루수,4,0,9,4,0,0,1,1,0,0,0,0,0
1,이정훈,KT,좌익수,24,17,132,23,0,0,0,1,0,0,0,0,0
1,강백호,KT,1루수,4,0,10,10,1,0,0,1,0,0,0,0,0
1,강민성,KT,3루수,6,0,9,2,4,0,1,1,0,0,0,0,0
1,김민혁,KT,중견수,10,7,42,6,1,0,0,1,0,0,0,0,0
1,김병준,KT,우익수,2,0,4,1,0,0,0,1,0,0,0,0,0
1,김병준,KT,좌익수,3,0,5,1,0,0,0,1,0,0,0,0,0
1,로하스,KT,중견수,6,5,36,8,0,0,0,1,0,0,0,0,0
1,오윤석,KT,1루수,34,22,190,171,15,0,16,1,0,0,0,0,0
33,황재균,KT,1루수,79,65,561,541,50,3,38,0.995,0,0,0,0,0
34,배정대,KT,중견수,92,64,617,156,2,1,1,0.994,0,0,0,0,0
35,장성우,KT,포수,112,98,836,708,43,5,5,0.993,4,104,11,9.6,0
36,오윤석,KT,2루수,48,21,215,48,76,1,12,0.992,0,0,0,0,0
36,김민혁,KT,좌익수,90,83,662,127,1,1,0,0.992,0,0,0,0,0
38,김상수,KT,2루수,99,90,742,167,268,6,45,0.986,0,0,0,0,0
39,장준원,KT,유격수,62,47,355,72,114,3,26,0.984,0,0,0,0,0
40,황재균,KT,3루수,38,31,271,23,22,1,2,0.978,0,0,0,0,0
41,로하스,KT,좌익수,34,19,170,40,1,1,0,0.976,0,0,0,0,0
42,강현우,KT,포수,32,18,160,141,14,4,0,0.975,0,6,2,25,0
43,스티븐슨,KT,중견수,39,39,331,73,2,2,0,0.974,0,0,0,0,0
44,김상수,KT,유격수,25,13,125,29,34,2,6,0.969,0,0,0,0,0
45,조대현,KT,포수,62,24,246,196,10,7,1,0.967,2,15,2,11.8,0
46,로하스,KT,우익수,53,49,385,76,3,3,1,0.963,0,0,0,0,0
46,권동진,KT,유격수,119,81,740,150,236,15,40,0.963,0,0,0,0,0
48,강백호,KT,포수,5,4,32,22,2,1,1,0.96,0,2,2,50,0
49,안현민,KT,우익수,93,84,699,149,14,7,1,0.959,0,0,0,0,0
49,허경민,KT,3루수,113,110,936,75,161,10,10,0.959,0,0,0,0,0
51,장진혁,KT,우익수,27,5,77,19,0,1,0,0.95,0,0,0,0,0
52,박민석,KT,유격수,11,3,43,7,11,1,7,0.947,0,0,0,0,0
52,안현민,KT,중견수,14,12,88,18,0,1,0,0.947,0,0,0,0,0
54,박민석,KT,2루수,5,2,12,4,4,1,0,0.889,0,0,0,0,0
54,이정훈,KT,1루수,2,1,9,8,0,1,0,0.889,0,0,0,0,0
56,이호연,KT,3루수,6,3,28,3,2,1,0,0.833,0,0,0,0,0
57,황재균,KT,2루수,3,1,11,2,2,1,0,0.8,0,0,0,0,0
58,최성민,KT,중견수,3,1,5,1,0,1,0,0.5,0,0,0,0,0
58,김민혁,KT,우익수,1,1,8,1,0,1,0,0.5,0,0,0,0,0
60,오서진,KT,2루수,1,0,1,0,0,1,0,0,0,0,0,0,0
61,김병준,KT,중견수,1,0,3,0,0,0,0,0,0,0,0,0,0
61,오윤석,KT,3루수,1,0,1,0,0,0,0,0,0,0,0,0,0
61,오서진,KT,3루수,1,0,1,0,0,0,0,0,0,0,0,0,0
61,안현민,KT,좌익수,1,0,1,0,0,0,0,0,0,0,0,0,0
61,박경수,KT,2루수,1,0,2,0,0,0,0,0,0,0,0,0,0
61,김건형,KT,좌익수,1,0,1,0,0,0,0,0,0,0,0,0,0
61,윤준혁,KT,3루수,2,0,5,0,0,0,0,0,0,0,0,0,0
61,스티븐슨,KT,우익수,2,0,3,0,0,0,0,0,0,0,0,0,0
1,김주성,LG,1루수,4,3,21,28,2,0,1,1,0,0,0,0,0
1,이영빈,LG,2루수,15,5,53,11,24,0,3,1,0,0,0,0,0
1,천성호,LG,좌익수,8,5,29,6,0,0,0,1,0,0,0,0,0
1,천성호,LG,우익수,3,3,17,1,0,0,0,1,0,0,0,0,0
1,신민재,LG,유격수,1,0,6,0,2,0,0,1,0,0,0,0,0
1,홍창기,LG,우익수,42,40,329,58,2,0,0,1,0,0,0,0,0
1,김현종,LG,좌익수,9,1,14,1,0,0,0,1,0,0,0,0,0
1,최원영,LG,중견수,34,5,78,29,0,0,0,1,0,0,0,0,0
1,문성주,LG,좌익수,32,26,226,57,1,0,0,1,0,0,0,0,0
1,최원영,LG,우익수,27,7,81,23,0,0,0,1,0,0,0,0,0
1,송찬의,LG,우익수,25,17,153,29,0,0,0,1,0,0,0,0,0
1,송찬의,LG,좌익수,24,12,123,30,2,0,0,1,0,0,0,0,0
1,박관우,LG,좌익수,17,7,57,12,0,0,0,1,0,0,0,0,0
1,이영빈,LG,1루수,14,2,37,45,2,0,4,1,0,0,0,0,0
1,이영빈,LG,3루수,11,5,50,2,8,0,1,1,0,0,0,0,0
1,문정빈,LG,3루수,9,2,26,0,4,0,1,1,0,0,0,0,0
1,함창건,LG,좌익수,9,7,56,17,0,0,0,1,0,0,0,0,0
1,이영빈,LG,유격수,8,1,18,1,5,0,1,1,0,0,0,0,0
1,김정율,LG,1루수,7,2,27,23,3,0,3,1,0,0,0,0,0
1,김정율,LG,3루수,6,0,13,0,4,0,0,1,0,0,0,0,0
1,문정빈,LG,1루수,6,2,18,18,2,0,2,1,0,0,0,0,0
1,함창건,LG,우익수,6,0,12,3,0,0,0,1,0,0,0,0,0
1,구본혁,LG,좌익수,4,2,16,2,0,0,0,1,0,0,0,0,0
1,김성우,LG,포수,5,0,9,8,0,0,0,1,0,0,0,0,0
1,송찬의,LG,중견수,4,2,15,2,0,0,0,1,0,0,0,0,0
1,손용준,LG,1루수,2,2,8,11,1,0,1,1,0,0,0,0,0
1,문정빈,LG,좌익수,2,2,7,4,0,0,0,1,0,0,0,0,0
28,박해민,LG,중견수,144,136,1179,310,6,1,2,0.997,0,0,0,0,0
29,문성주,LG,우익수,80,76,644,144,4,1,0,0.993,0,0,0,0,0
30,박동원,LG,포수,130,102,938,784,78,8,11,0.991,2,67,18,21.2,2
30,구본혁,LG,2루수,35,26,220,51,63,1,16,0.991,0,0,0,0,0
32,천성호,LG,1루수,21,10,99,89,9,1,9,0.99,0,0,0,0,0
32,오스틴,LG,1루수,96,94,793,723,61,8,66,0.99,0,0,0,0,0
32,문보경,LG,1루수,37,18,190,191,10,2,28,0.99,0,0,0,0,0
35,이주헌,LG,포수,69,42,332,295,16,4,2,0.987,5,28,3,9.7,0
36,김현수,LG,좌익수,76,74,560,115,3,2,0,0.983,0,0,0,0,0
37,천성호,LG,2루수,27,18,158,36,66,2,14,0.981,0,0,0,0,0
37,구본혁,LG,유격수,57,36,315,57,97,3,22,0.981,0,0,0,0,0
39,오지환,LG,유격수,123,107,939,148,295,9,67,0.98,0,0,0,0,0
40,신민재,LG,2루수,130,113,992,245,320,12,87,0.979,0,0,0,0,0
40,구본혁,LG,3루수,68,33,328,21,72,2,9,0.979,0,0,0,0,0
42,최원영,LG,좌익수,60,8,169,41,0,1,0,0.976,0,0,0,0,0
42,김현수,LG,1루수,12,9,83,73,9,2,6,0.976,0,0,0,0,0
44,송찬의,LG,1루수,4,2,16,17,1,1,1,0.947,0,0,0,0,0
45,천성호,LG,3루수,20,10,85,7,9,1,3,0.941,0,0,0,0,0
46,문보경,LG,3루수,95,91,753,48,153,14,13,0.935,0,0,0,0,0
47,최승민,LG,좌익수,12,0,19,5,0,1,0,0.833,0,0,0,0,0
48,손용준,LG,3루수,2,2,13,1,3,1,2,0.8,0,0,0,0,0
49,김주성,LG,3루수,1,1,4,0,2,1,0,0.667,0,0,0,0,0
49,박관우,LG,우익수,15,0,27,2,0,1,0,0.667,0,0,0,0,0
51,최승민,LG,중견수,1,0,1,0,0,0,0,0,0,0,0,0,0
51,최승민,LG,우익수,2,0,2,0,0,0,0,0,0,0,0,0,0
51,문정빈,LG,우익수,2,1,8,0,0,0,0,0,0,0,0,0,0
51,신민재,LG,중견수,2,1,6,0,0,0,0,0,0,0,0,0,0
51,김현종,LG,우익수,1,0,3,0,0,0,0,0,0,0,0,0,0
51,김주성,LG,좌익수,1,0,1,0,0,0,0,0,0,0,0,0,0
51,김주성,LG,2루수,2,0,3,0,0,0,0,0,0,0,0,0,0
51,김정율,LG,유격수,1,0,1,0,0,0,0,0,0,0,0,0,0
51,이영빈,LG,우익수,2,0,2,0,0,0,0,0,0,0,0,0,0
51,송찬의,LG,3루수,3,0,6,0,0,0,0,0,0,0,0,0,0
1,박시원,NC,우익수,34,4,93,18,0,0,0,1,0,0,0,0,0
1,홍종표,NC,유격수,2,0,1,0,1,0,0,1,0,0,0,0,0
1,김휘집,NC,1루수,21,6,74,62,5,0,10,1,0,0,0,0,0
1,최원준,NC,1루수,1,0,2,1,0,0,0,1,0,0,0,0,0
1,박한결,NC,좌익수,5,3,21,6,0,0,0,1,0,0,0,0,0
1,천재환,NC,중견수,60,39,314,87,1,0,0,1,0,0,0,0,0
1,박시원,NC,중견수,8,6,41,9,0,0,0,1,0,0,0,0,0
1,박시원,NC,좌익수,2,1,12,6,0,0,0,1,0,0,0,0,0
1,최정원,NC,중견수,45,18,210,52,2,0,0,1,0,0,0,0,0
1,최정원,NC,좌익수,13,3,47,11,1,0,1,1,0,0,0,0,0
1,김한별,NC,3루수,27,3,56,7,8,0,2,1,0,0,0,0,0
1,최정원,NC,2루수,25,7,89,22,28,0,5,1,0,0,0,0,0
1,권희동,NC,우익수,23,21,117,19,1,0,0,1,0,0,0,0,0
1,도태훈,NC,1루수,23,5,89,77,8,0,9,1,0,0,0,0,0
1,김한별,NC,2루수,27,7,85,10,26,0,5,1,0,0,0,0,0
1,한석현,NC,우익수,18,3,70,20,2,0,0,1,0,0,0,0,0
1,김정호,NC,포수,8,3,32,32,2,0,0,1,0,5,1,16.7,0
1,박민우,NC,1루수,7,1,20,20,0,0,1,1,0,0,0,0,0
1,고승완,NC,좌익수,2,0,7,1,0,0,0,1,0,0,0,0,0
1,한재환,NC,1루수,6,2,21,23,1,0,2,1,0,0,0,0,0
1,한석현,NC,좌익수,12,3,41,4,0,0,0,1,0,0,0,0,0
1,안인산,NC,1루수,2,0,2,2,0,0,0,1,0,0,0,0,0
1,최정원,NC,우익수,1,0,4,1,0,0,0,1,0,0,0,0,0
1,홍종표,NC,3루수,7,3,29,4,6,0,0,1,0,0,0,0,0
1,고승완,NC,중견수,6,1,10,8,0,0,0,1,0,0,0,0,0
1,권희동,NC,중견수,6,4,22,5,0,0,0,1,0,0,0,0,0
1,송승환,NC,1루수,1,1,2,2,0,0,1,1,0,0,0,0,0
1,이우성,NC,우익수,14,9,91,13,0,0,0,1,0,0,0,0,0
1,박영빈,NC,중견수,5,0,8,3,0,0,0,1,0,0,0,0,0
1,오태양,NC,중견수,5,3,25,6,0,0,0,1,0,0,0,0,0
1,권희동,NC,포수,1,0,1,1,0,0,0,1,0,0,0,0,0
1,송승환,NC,좌익수,3,1,6,1,0,0,0,1,0,0,0,0,0
1,이우성,NC,중견수,3,1,12,4,0,0,0,1,0,0,0,0,0
1,한재환,NC,좌익수,3,1,9,2,0,0,0,1,0,0,0,0,0
35,데이비슨,NC,1루수,87,87,660,572,46,2,53,0.997,0,0,0,0,0
36,서호철,NC,1루수,55,27,272,241,7,1,26,0.996,0,0,0,0,0
37,김형준,NC,포수,123,107,906,782,78,4,8,0.995,6,47,26,35.6,1
38,최원준,NC,중견수,80,71,611,158,6,1,1,0.994,0,0,0,0,0
39,권희동,NC,좌익수,103,82,669,135,7,1,0,0.993,0,0,0,0,0
40,박건우,NC,우익수,69,64,458,83,5,1,1,0.989,0,0,0,0,0
41,이우성,NC,좌익수,75,66,470,120,3,2,1,0.984,0,0,0,0,0
42,이우성,NC,1루수,9,8,63,53,6,1,3,0.983,0,0,0,0,0
42,도태훈,NC,2루수,22,9,93,20,38,1,4,0.983,0,0,0,0,0
44,박세혁,NC,포수,43,19,185,148,12,3,1,0.982,0,22,2,8.3,0
44,오영수,NC,1루수,16,7,64,52,3,1,6,0.982,0,0,0,0,0
44,안중열,NC,포수,32,15,145,99,11,2,0,0.982,1,6,1,14.3,0
47,한석현,NC,중견수,30,20,186,49,2,1,0,0.981,0,0,0,0,0
48,홍종표,NC,2루수,44,10,164,46,50,2,12,0.98,0,0,0,0,0
49,박민우,NC,2루수,100,96,766,205,259,10,58,0.979,0,0,0,0,0
50,천재환,NC,좌익수,53,5,174,43,0,1,0,0.977,0,0,0,0,0
51,서호철,NC,2루수,31,23,179,42,58,3,10,0.971,0,0,0,0,0
51,최원준,NC,우익수,66,29,324,62,4,2,0,0.971,0,0,0,0,0
53,천재환,NC,우익수,52,11,202,29,3,1,0,0.97,0,0,0,0,0
54,김한별,NC,유격수,28,5,82,17,29,2,5,0.958,0,0,0,0,0
55,김주원,NC,유격수,140,139,1166,246,336,29,79,0.953,0,0,0,0,0
56,김휘집,NC,3루수,130,119,1005,106,193,19,20,0.94,0,0,0,0,0
57,박건우,NC,중견수,7,7,51,13,0,1,0,0.929,0,0,0,0,0
58,서호철,NC,3루수,31,18,166,14,30,4,4,0.917,0,0,0,0,0
58,도태훈,NC,유격수,6,0,21,2,9,1,1,0.917,0,0,0,0,0
60,오태양,NC,2루수,5,0,8,2,4,1,1,0.857,0,0,0,0,0
61,도태훈,NC,3루수,11,2,28,1,4,1,0,0.833,0,0,0,0,0
62,최정원,NC,3루수,1,1,4,2,1,1,0,0.75,0,0,0,0,0
63,고승완,NC,우익수,1,0,3,0,0,0,0,0,0,0,0,0,0
63,한재환,NC,3루수,1,0,2,0,0,0,0,0,0,0,0,0,0
63,최원준,NC,좌익수,2,0,4,0,0,0,0,0,0,0,0,0,0
63,권희동,NC,1루수,1,0,1,0,0,0,0,0,0,0,0,0,0
1,김찬형,SSG,2루수,6,3,22,5,4,0,0,1,0,0,0,0,0
1,맥브룸,SSG,우익수,10,10,72,15,0,0,0,1,0,0,0,0,0
1,오태곤,SSG,1루수,58,10,178,154,10,0,23,1,0,0,0,0,0
1,박지환,SSG,우익수,9,4,37,8,0,0,0,1,0,0,0,0,0
1,최준우,SSG,좌익수,34,22,212,37,1,0,0,1,0,0,0,0,0
1,김성욱,SSG,우익수,32,16,164,33,0,0,0,1,0,0,0,0,0
1,김태윤,SSG,3루수,2,0,5,0,2,0,0,1,0,0,0,0,0
1,김태윤,SSG,2루수,2,0,2,0,1,0,0,1,0,0,0,0,0
1,김성현,SSG,유격수,9,2,25,2,10,0,1,1,0,0,0,0,0
1,신범수,SSG,포수,23,8,82,75,4,0,0,1,0,9,1,10,0
1,오태곤,SSG,우익수,21,10,95,14,1,0,1,1,0,0,0,0,0
1,맥브룸,SSG,1루수,6,5,45,43,5,0,5,1,0,0,0,0,0
1,채현우,SSG,중견수,7,3,25,8,0,0,0,1,0,0,0,0,0
1,최상민,SSG,우익수,14,0,23,6,0,0,0,1,0,0,0,0,0
1,채현우,SSG,우익수,19,3,53,10,0,0,0,1,0,0,0,0,0
1,석정우,SSG,유격수,1,0,3,0,2,0,0,1,0,0,0,0,0
1,김성욱,SSG,중견수,17,11,92,22,1,0,0,1,0,0,0,0,0
1,최준우,SSG,1루수,2,0,10,7,1,0,0,1,0,0,0,0,0
1,한유섬,SSG,좌익수,6,6,44,10,0,0,0,1,0,0,0,0,0
1,오태곤,SSG,중견수,12,5,49,11,0,0,0,1,0,0,0,0,0
1,임근우,SSG,우익수,2,1,12,5,0,0,0,1,0,0,0,0,0
1,현원회,SSG,1루수,11,9,62,62,9,0,6,1,0,0,0,0,0
1,이정범,SSG,1루수,1,0,2,1,0,0,0,1,0,0,0,0,0
1,최상민,SSG,중견수,3,0,3,1,0,0,0,1,0,0,0,0,0
1,하재훈,SSG,좌익수,5,4,36,10,0,0,0,1,0,0,0,0,0
1,김성욱,SSG,좌익수,7,4,35,8,0,0,0,1,0,0,0,0,0
27,고명준,SSG,1루수,123,120,986,850,81,3,91,0.997,0,0,0,0,0
28,조형우,SSG,포수,102,80,696,659,60,4,7,0.994,3,56,22,28.2,5
28,이지영,SSG,포수,72,55,482,454,32,3,5,0.994,1,45,10,18.2,1
30,에레디아,SSG,좌익수,86,86,740,194,6,2,0,0.99,0,0,0,0,0
31,한유섬,SSG,우익수,81,79,642,122,3,2,1,0.984,0,0,0,0,0
32,김성현,SSG,2루수,17,10,83,23,34,1,7,0.983,0,0,0,0,0
32,정준재,SSG,2루수,123,102,932,214,297,9,78,0.983,0,0,0,0,0
34,최지훈,SSG,중견수,136,128,1136,249,3,5,1,0.981,0,0,0,0,0
35,안상현,SSG,2루수,25,22,179,33,56,2,11,0.978,0,0,0,0,0
36,박성한,SSG,유격수,127,124,1065,222,340,20,90,0.966,0,0,0,0,0
37,안상현,SSG,유격수,32,17,170,37,42,3,15,0.963,0,0,0,0,0
38,최준우,SSG,우익수,19,11,98,22,0,1,0,0.957,0,0,0,0,0
39,김찬형,SSG,3루수,32,20,175,18,39,3,6,0.95,0,0,0,0,0
40,최정,SSG,3루수,45,45,371,25,50,4,3,0.949,0,0,0,0,0
41,안상현,SSG,3루수,44,32,298,18,44,4,5,0.939,0,0,0,0,0
42,석정우,SSG,2루수,9,7,57,13,17,2,5,0.938,0,0,0,0,0
43,오태곤,SSG,좌익수,25,14,139,29,0,2,0,0.935,0,0,0,0,0
44,하재훈,SSG,우익수,11,10,79,13,0,1,0,0.929,0,0,0,0,0
44,채현우,SSG,좌익수,14,7,66,13,0,1,0,0.929,0,0,0,0,0
46,김성현,SSG,3루수,37,17,182,9,30,4,1,0.907,0,0,0,0,0
47,김찬형,SSG,유격수,8,1,18,3,6,1,2,0.9,0,0,0,0,0
48,박지환,SSG,3루수,18,17,138,12,26,5,1,0.884,0,0,0,0,0
49,이율예,SSG,포수,6,1,22,13,2,2,0,0.882,0,0,0,0,0
50,김수윤,SSG,3루수,7,5,35,4,8,2,2,0.857,0,0,0,0,0
51,석정우,SSG,3루수,20,8,78,2,7,2,0,0.818,0,0,0,0,0
52,홍대인,SSG,2루수,3,0,6,0,1,1,0,0.5,0,0,0,0,0
53,정현승,SSG,좌익수,1,0,1,0,0,0,0,0,0,0,0,0,0
53,정현승,SSG,우익수,1,0,4,0,0,0,0,0,0,0,0,0,0
53,하재훈,SSG,중견수,1,0,1,0,0,0,0,0,0,0,0,0,0
53,김태윤,SSG,유격수,1,0,1,0,0,0,0,0,0,0,0,0,0
53,김창평,SSG,중견수,1,0,2,0,0,0,0,0,0,0,0,0,0
53,최상민,SSG,좌익수,2,0,4,0,0,0,0,0,0,0,0,0,0
53,류효승,SSG,좌익수,2,1,5,0,0,0,0,0,0,0,0,0,0
53,박지환,SSG,중견수,1,0,2,0,0,0,0,0,0,0,0,0,0
53,김창평,SSG,우익수,2,0,4,0,0,0,0,0,0,0,0,0,0
1,장승현,두산,포수,4,1,11,10,1,0,0,1,0,1,0,0,0
1,추재현,두산,1루수,2,1,6,9,1,0,0,1,0,0,0,0,0
1,박성재,두산,1루수,2,2,13,8,0,0,1,1,0,0,0,0,0
1,조수행,두산,좌익수,65,11,203,54,1,0,0,1,0,0,0,0,0
1,김대한,두산,중견수,7,3,31,11,0,0,0,1,0,0,0,0,0
1,김대한,두산,우익수,3,1,11,2,0,0,0,1,0,0,0,0,0
1,박준영,두산,3루수,2,0,2,1,0,0,0,1,0,0,0,0,0
1,케이브,두산,1루수,1,0,1,1,0,0,0,1,0,0,0,0,0
1,여동건,두산,3루수,1,0,2,0,1,0,0,1,0,0,0,0,0
1,박성재,두산,포수,3,0,4,4,1,0,0,1,0,0,1,100,0
1,김민혁,두산,1루수,8,5,35,32,1,0,5,1,0,0,0,0,0
1,추재현,두산,우익수,8,5,44,6,0,0,0,1,0,0,0,0,0
1,추재현,두산,좌익수,16,11,113,31,0,0,0,1,0,0,0,0,0
1,김재환,두산,좌익수,37,35,256,56,1,0,1,1,0,0,0,0,0
1,박지훈,두산,1루수,9,1,20,8,1,0,3,1,0,0,0,0,0
1,김준상,두산,2루수,7,4,37,4,11,0,2,1,0,0,0,0,0
1,이선우,두산,1루수,2,0,2,3,1,0,0,1,0,0,0,0,0
1,김인태,두산,우익수,8,0,11,3,0,0,0,1,0,0,0,0,0
1,안재석,두산,1루수,1,1,7,8,0,0,0,1,0,0,0,0,0
1,조수행,두산,우익수,13,5,53,16,0,0,0,1,0,0,0,0,0
1,김동준,두산,좌익수,11,9,67,11,1,0,0,1,0,0,0,0,0
1,이유찬,두산,2루수,11,7,64,18,20,0,5,1,0,0,0,0,0
1,전다민,두산,좌익수,9,0,18,2,0,0,0,1,0,0,0,0,0
1,이유찬,두산,우익수,3,1,13,3,0,0,0,1,0,0,0,0,0
1,박민준,두산,포수,7,0,10,7,0,0,0,1,2,2,0,0,0
1,이유찬,두산,좌익수,7,4,40,11,0,0,0,1,0,0,0,0,0
1,안재석,두산,2루수,1,0,3,0,2,0,0,1,0,0,0,0,0
1,박계범,두산,1루수,6,3,26,23,1,0,1,1,0,0,0,0,0
1,오명진,두산,1루수,5,2,19,13,4,0,2,1,0,0,0,0,0
1,홍성호,두산,1루수,5,4,30,25,1,0,2,1,0,0,0,0,0
1,케이브,두산,중견수,2,1,6,2,0,0,0,1,0,0,0,0,0
1,안재석,두산,3루수,2,2,16,1,3,0,1,1,0,0,0,0,0
1,이유찬,두산,중견수,3,3,17,2,0,0,0,1,0,0,0,0,0
1,이선우,두산,2루수,3,1,13,5,4,0,1,1,0,0,0,0,0
35,강승호,두산,2루수,34,29,253,71,75,1,17,0.993,0,0,0,0,0
35,양석환,두산,1루수,69,68,579,525,45,4,44,0.993,0,0,0,0,0
35,양의지,두산,포수,94,92,726,636,49,5,5,0.993,6,49,17,25.8,2
38,케이브,두산,우익수,132,131,1127,228,6,2,0,0.992,0,0,0,0,0
39,김기연,두산,포수,88,48,492,402,22,4,4,0.991,4,47,11,19,1
39,강승호,두산,1루수,60,33,331,293,25,3,30,0.991,0,0,0,0,0
41,정수빈,두산,중견수,131,128,1077,262,4,3,2,0.989,0,0,0,0,0
42,안재석,두산,유격수,18,18,156,23,46,1,16,0.986,0,0,0,0,0
43,김인태,두산,좌익수,47,34,261,62,1,1,1,0.984,0,0,0,0,0
44,김민석,두산,1루수,35,24,206,214,10,4,20,0.982,0,0,0,0,0
45,박계범,두산,2루수,30,22,191,45,59,2,11,0.981,0,0,0,0,0
46,오명진,두산,2루수,69,55,488,127,161,7,38,0.976,0,0,0,0,0
46,조수행,두산,중견수,31,8,114,40,1,1,1,0.976,0,0,0,0,0
48,오명진,두산,3루수,21,17,146,11,27,1,3,0.974,0,0,0,0,0
49,오명진,두산,유격수,17,15,129,28,39,2,3,0.971,0,0,0,0,0
50,김민석,두산,좌익수,51,36,285,62,2,2,1,0.97,0,0,0,0,0
51,이유찬,두산,유격수,67,60,541,90,161,8,35,0.969,0,0,0,0,0
51,여동건,두산,2루수,10,4,47,12,19,1,5,0.969,0,0,0,0,0
53,류현준,두산,포수,10,3,35,27,1,1,0,0.966,0,4,0,0,0
54,임종성,두산,3루수,32,26,212,22,33,2,3,0.965,0,0,0,0,0
55,박준순,두산,2루수,29,22,182,44,55,4,13,0.961,0,0,0,0,0
56,박지훈,두산,3루수,15,9,88,11,12,1,1,0.958,0,0,0,0,0
57,박준영,두산,유격수,38,34,287,54,75,8,20,0.942,0,0,0,0,0
58,강승호,두산,3루수,30,29,244,24,53,5,5,0.939,0,0,0,0,0
59,박계범,두산,유격수,28,12,118,14,33,4,4,0.922,0,0,0,0,0
60,김대한,두산,좌익수,8,4,34,11,0,1,0,0.917,0,0,0,0,0
61,박계범,두산,3루수,29,10,121,8,23,3,3,0.912,0,0,0,0,0
62,박준순,두산,유격수,4,1,16,3,6,1,3,0.9,0,0,0,0,0
63,박지훈,두산,유격수,5,1,18,2,5,1,1,0.875,0,0,0,0,0
64,박준순,두산,3루수,54,50,445,30,95,19,12,0.868,0,0,0,0,0
65,전다민,두산,중견수,7,0,17,6,0,1,0,0.857,0,0,0,0,0
66,이선우,두산,유격수,3,2,12,3,2,1,0,0.833,0,0,0,0,0
67,홍성호,두산,우익수,1,1,8,3,0,1,0,0.75,0,0,0,0,0
67,김동준,두산,1루수,1,0,3,3,0,1,1,0.75,0,0,0,0,0
69,김동준,두산,우익수,4,0,9,0,0,0,0,0,0,0,0,0,0
69,이유찬,두산,3루수,3,1,2,0,0,0,0,0,0,0,0,0,0
69,김동준,두산,중견수,1,0,2,0,0,0,0,0,0,0,0,0,0
69,박지훈,두산,중견수,2,0,2,0,0,0,0,0,0,0,0,0,0
69,전다민,두산,우익수,1,0,2,0,0,0,0,0,0,0,0,0,0
69,천현재,두산,중견수,1,1,7,0,0,0,0,0,0,0,0,0,0
69,홍성호,두산,좌익수,1,0,1,0,0,0,0,0,0,0,0,0,0
69,추재현,두산,중견수,1,0,1,0,0,0,0,0,0,0,0,0,0
69,김민석,두산,우익수,1,0,1,0,0,0,0,0,0,0,0,0,0
69,김민석,두산,중견수,3,0,4,0,0,0,0,0,0,0,0,0,0
69,김준상,두산,유격수,1,0,1,0,0,0,0,0,0,0,0,0,0
69,김재호,두산,유격수,1,1,2,0,0,0,0,0,0,0,0,0,0
1,정훈,롯데,좌익수,2,1,10,2,0,0,0,1,0,0,0,0,0
1,고승민,롯데,좌익수,2,1,10,4,0,0,0,1,0,0,0,0,0
1,김민성,롯데,2루수,12,10,81,17,22,0,4,1,0,0,0,0,0
1,김동혁,롯데,중견수,32,15,164,51,0,0,0,1,0,0,0,0,0
1,김동혁,롯데,좌익수,21,1,26,8,0,0,0,1,0,0,0,0,0
1,김동혁,롯데,우익수,23,8,102,29,3,0,2,1,0,0,0,0,0
1,최항,롯데,2루수,1,0,1,1,0,0,0,1,0,0,0,0,0
1,조세진,롯데,중견수,1,1,8,4,0,0,0,1,0,0,0,0,0
1,전준우,롯데,좌익수,49,48,384,68,4,0,1,1,0,0,0,0,0
1,강승구,롯데,포수,1,0,2,2,0,0,0,1,0,0,0,0,0
1,한승현,롯데,중견수,2,1,9,3,1,0,1,1,0,0,0,0,0
1,박건우,롯데,포수,6,0,11,10,1,0,0,1,1,0,0,0,0
1,장두성,롯데,좌익수,20,0,37,5,0,0,0,1,0,0,0,0,0
1,이호준,롯데,2루수,33,1,64,11,21,0,7,1,0,0,0,0,0
1,신윤후,롯데,중견수,5,2,27,5,0,0,0,1,0,0,0,0,0
1,박승욱,롯데,3루수,5,2,19,1,4,0,0,1,0,0,0,0,0
1,조세진,롯데,우익수,7,1,8,1,0,0,0,1,0,0,0,0,0
1,윤동희,롯데,중견수,19,18,121,37,0,0,0,1,0,0,0,0,0
1,박승욱,롯데,2루수,15,0,22,5,13,0,1,1,0,0,0,0,0
1,황성빈,롯데,좌익수,8,3,33,7,0,0,0,1,0,0,0,0,0
1,한승현,롯데,좌익수,8,2,23,3,0,0,0,1,0,0,0,0,0
1,한승현,롯데,우익수,9,3,30,7,1,0,0,1,0,0,0,0,0
1,노진혁,롯데,3루수,4,1,10,2,0,0,0,1,0,0,0,0,0
1,한태양,롯데,3루수,10,1,27,0,2,0,0,1,0,0,0,0,0
1,박승욱,롯데,1루수,10,0,16,10,2,0,3,1,0,0,0,0,0
1,전민재,롯데,2루수,4,2,19,7,4,0,2,1,0,0,0,0,0
27,유강남,롯데,포수,98,92,641,588,47,2,3,0.997,5,66,6,8.3,0
27,고승민,롯데,1루수,45,33,299,268,18,1,24,0.997,0,0,0,0,0
29,정보근,롯데,포수,93,34,397,374,21,2,1,0.995,6,28,5,15.2,0
30,손성빈,롯데,포수,50,15,189,150,15,1,0,0.994,1,7,5,41.7,0
31,레이예스,롯데,좌익수,98,88,752,146,3,1,1,0.993,0,0,0,0,0
32,나승엽,롯데,1루수,94,91,738,667,44,8,54,0.989,0,0,0,0,0
32,정훈,롯데,1루수,32,16,167,168,15,2,11,0.989,0,0,0,0,0
34,장두성,롯데,중견수,82,46,467,135,2,2,0,0.986,0,0,0,0,0
35,고승민,롯데,2루수,60,58,449,93,165,4,34,0.985,0,0,0,0,0
36,손호영,롯데,2루수,15,12,96,23,30,1,9,0.981,0,0,0,0,0
37,한태양,롯데,2루수,71,56,500,127,143,6,30,0.978,0,0,0,0,0
37,윤동희,롯데,우익수,85,73,646,130,2,3,0,0.978,0,0,0,0,0
37,레이예스,롯데,우익수,30,30,236,45,0,1,0,0.978,0,0,0,0,0
40,박재엽,롯데,포수,9,3,39,42,1,1,1,0.977,0,3,1,25,0
41,고승민,롯데,우익수,22,21,165,40,1,1,0,0.976,0,0,0,0,0
42,박승욱,롯데,유격수,30,22,174,21,51,2,10,0.973,0,0,0,0,0
43,황성빈,롯데,중견수,66,61,482,102,3,3,1,0.972,0,0,0,0,0
44,김민성,롯데,1루수,11,2,25,28,0,1,6,0.966,0,0,0,0,0
45,장두성,롯데,우익수,16,8,85,22,0,1,0,0.957,0,0,0,0,0
45,한태양,롯데,유격수,11,2,26,10,12,1,5,0.957,0,0,0,0,0
47,전민재,롯데,유격수,93,87,726,116,209,15,50,0.956,0,0,0,0,0
48,전민재,롯데,3루수,7,5,48,8,13,1,1,0.955,0,0,0,0,0
49,김민성,롯데,3루수,58,43,358,17,75,5,5,0.948,0,0,0,0,0
50,이호준,롯데,유격수,63,32,340,47,105,9,18,0.944,0,0,0,0,0
51,박찬형,롯데,2루수,8,5,45,14,19,2,4,0.943,0,0,0,0,0
52,박찬형,롯데,3루수,28,21,195,15,33,3,4,0.941,0,0,0,0,0
53,노진혁,롯데,1루수,7,2,29,30,1,2,6,0.939,0,0,0,0,0
54,손호영,롯데,3루수,74,71,614,55,117,16,14,0.915,0,0,0,0,0
55,박찬형,롯데,유격수,2,1,13,3,3,1,2,0.857,0,0,0,0,0
56,최항,롯데,1루수,3,0,4,2,2,1,0,0.8,0,0,0,0,0
56,이호준,롯데,3루수,3,0,7,2,2,1,0,0.8,0,0,0,0,0
58,신윤후,롯데,좌익수,1,0,1,0,0,0,0,0,0,0,0,0,0
58,이태경,롯데,2루수,2,0,2,0,0,0,0,0,0,0,0,0,0
58,이인한,롯데,좌익수,2,0,2,0,0,0,0,0,0,0,0,0,0
58,손호영,롯데,좌익수,1,0,1,0,0,0,0,0,0,0,0,0,0
58,신윤후,롯데,우익수,4,0,6,0,0,0,0,0,0,0,0,0,0
1,김태훈,삼성,1루수,2,0,3,4,0,0,0,1,0,0,0,0,0
1,이성규,삼성,중견수,6,2,34,9,1,0,0,1,0,0,0,0,0
1,전병우,삼성,2루수,7,4,20,8,5,0,1,1,0,0,0,0,0
1,김태훈,삼성,우익수,15,9,66,11,1,0,0,1,0,0,0,0,0
1,이성규,삼성,좌익수,12,8,73,22,1,0,0,1,0,0,0,0,0
1,박승규,삼성,우익수,25,14,130,15,2,0,0,1,0,0,0,0,0
1,류지혁,삼성,1루수,15,4,52,54,2,0,7,1,0,0,0,0,0
1,윤정빈,삼성,우익수,19,10,98,20,1,0,0,1,0,0,0,0,0
1,심재훈,삼성,2루수,22,9,100,18,26,0,8,1,0,0,0,0,0
1,김헌곤,삼성,우익수,35,23,216,41,0,0,0,1,0,0,0,0,0
1,전병우,삼성,3루수,36,14,140,10,23,0,2,1,0,0,0,0,0
1,박승규,삼성,중견수,32,20,177,49,1,0,0,1,0,0,0,0,0
1,김헌곤,삼성,좌익수,49,21,201,43,0,0,0,1,0,0,0,0,0
1,홍현빈,삼성,중견수,9,5,45,16,0,0,0,1,0,0,0,0,0
1,김재성,삼성,포수,43,22,176,147,13,0,5,1,2,15,6,28.6,0
1,김재혁,삼성,중견수,5,0,8,2,0,0,0,1,0,0,0,0,0
1,김태근,삼성,좌익수,4,1,18,2,0,0,0,1,0,0,0,0,0
1,이성규,삼성,1루수,4,1,8,6,0,0,2,1,0,0,0,0,0
1,김태근,삼성,우익수,3,1,11,3,0,0,0,1,0,0,0,0,0
1,안주형,삼성,유격수,3,0,6,1,3,0,1,1,0,0,0,0,0
1,김영웅,삼성,유격수,1,0,1,1,0,0,1,1,0,0,0,0,0
1,함수호,삼성,좌익수,3,2,16,2,0,0,0,1,0,0,0,0,0
1,양우현,삼성,유격수,2,2,8,1,4,0,1,1,0,0,0,0,0
1,김도환,삼성,포수,6,5,31,23,1,0,0,1,0,4,1,20,0
1,양도근,삼성,중견수,3,0,5,1,0,0,0,1,0,0,0,0,0
1,심재훈,삼성,유격수,1,0,1,1,1,0,0,1,0,0,0,0,0
1,윤정빈,삼성,1루수,1,0,3,0,1,0,0,1,0,0,0,0,0
1,함수호,삼성,우익수,1,1,3,1,0,0,0,1,0,0,0,0,0
29,강민호,삼성,포수,123,104,876,740,40,2,3,0.997,8,72,11,13.3,0
30,디아즈,삼성,1루수,128,126,1085,1013,87,4,89,0.996,0,0,0,0,0
31,김지찬,삼성,중견수,77,69,565,157,1,1,1,0.994,0,0,0,0,0
32,김성윤,삼성,중견수,60,47,432,116,3,1,3,0.992,0,0,0,0,0
33,류지혁,삼성,2루수,113,100,811,184,254,4,58,0.991,0,0,0,0,0
34,김성윤,삼성,우익수,73,64,535,97,3,1,0,0.99,0,0,0,0,0
35,이병헌,삼성,포수,55,13,184,154,9,2,1,0.988,2,16,1,5.9,0
35,양도근,삼성,2루수,63,26,285,80,86,2,22,0.988,0,0,0,0,0
37,양도근,삼성,유격수,35,9,125,23,43,1,4,0.985,0,0,0,0,0
38,구자욱,삼성,좌익수,99,95,791,162,1,3,0,0.982,0,0,0,0,0
39,박병호,삼성,1루수,14,12,84,56,12,2,6,0.971,0,0,0,0,0
40,김영웅,삼성,3루수,118,114,964,81,207,11,23,0.963,0,0,0,0,0
41,이성규,삼성,우익수,44,21,207,49,1,2,1,0.962,0,0,0,0,0
42,이재현,삼성,유격수,136,132,1117,217,333,23,73,0.96,0,0,0,0,0
43,전병우,삼성,1루수,12,0,23,21,1,1,3,0.957,0,0,0,0,0
44,류지혁,삼성,3루수,13,9,87,5,14,1,2,0.95,0,0,0,0,0
45,박승규,삼성,좌익수,11,7,65,18,0,1,0,0.947,0,0,0,0,0
46,이창용,삼성,1루수,3,1,10,12,0,1,2,0.923,0,0,0,0,0
47,양도근,삼성,3루수,14,7,69,6,17,2,0,0.92,0,0,0,0,0
48,김태훈,삼성,좌익수,15,10,75,20,0,2,0,0.909,0,0,0,0,0
49,양우현,삼성,2루수,6,1,21,4,5,1,1,0.9,0,0,0,0,0
50,안주형,삼성,2루수,6,4,31,8,8,2,0,0.889,0,0,0,0,0
51,홍현빈,삼성,좌익수,12,0,22,6,0,1,0,0.857,0,0,0,0,0
52,이해승,삼성,유격수,2,1,10,1,2,1,0,0.75,0,0,0,0,0
53,이해승,삼성,3루수,2,0,7,1,1,1,0,0.667,0,0,0,0,0
54,김태근,삼성,중견수,1,0,1,0,0,0,0,0,0,0,0,0,0
54,김재혁,삼성,좌익수,1,0,3,0,0,0,0,0,0,0,0,0,0
54,김성윤,삼성,좌익수,2,0,2,0,0,0,0,0,0,0,0,0,0
54,홍현빈,삼성,우익수,2,0,2,0,0,0,0,0,0,0,0,0,0
54,박진우,삼성,포수,1,0,1,0,0,0,0,0,0,0,0,0,0
54,윤정빈,삼성,좌익수,1,0,1,0,0,0,0,0,0,0,0,0,0
1,임지열,키움,중견수,1,0,3,1,0,0,0,1,0,0,0,0,0
1,김웅빈,키움,1루수,4,3,28,19,1,0,1,1,0,0,0,0,0
1,김병휘,키움,유격수,2,0,4,0,2,0,0,1,0,0,0,0,0
1,이주형,키움,1루수,2,0,2,1,0,0,0,1,0,0,0,0,0
1,이원석,키움,1루수,1,0,2,4,0,0,1,1,0,0,0,0,0
1,이용규,키움,좌익수,2,1,8,2,0,0,0,1,0,0,0,0,0
1,이용규,키움,우익수,2,0,3,1,0,0,0,1,0,0,0,0,0
1,박주홍,키움,좌익수,41,25,236,70,1,0,1,1,0,0,0,0,0
1,양현종,키움,1루수,2,2,14,11,0,0,0,1,0,0,0,0,0
1,박주홍,키움,1루수,3,0,5,2,0,0,1,1,0,0,0,0,0
1,오선진,키움,3루수,24,9,102,7,22,0,3,1,0,0,0,0,0
1,송지후,키움,3루수,1,0,3,0,1,0,0,1,0,0,0,0,0
1,권혁빈,키움,좌익수,1,0,2,2,0,0,0,1,0,0,0,0,0
1,카디네스,키움,좌익수,2,2,17,2,0,0,0,1,0,0,0,0,0
1,송지후,키움,유격수,2,0,3,1,1,0,0,1,0,0,0,0,0
1,임병욱,키움,중견수,17,10,81,27,0,0,0,1,0,0,0,0,0
1,서유신,키움,2루수,2,2,17,3,4,0,0,1,0,0,0,0,0
1,권혁빈,키움,유격수,6,3,30,6,4,0,0,1,0,0,0,0,0
1,오선진,키움,1루수,8,1,19,19,1,0,1,1,0,0,0,0,0
1,권혁빈,키움,중견수,2,1,10,2,0,0,0,1,0,0,0,0,0
1,이형종,키움,우익수,12,6,63,16,1,0,0,1,0,0,0,0,0
1,이형종,키움,좌익수,12,10,80,21,0,0,0,1,0,0,0,0,0
1,임병욱,키움,좌익수,11,7,72,18,0,0,0,1,0,0,0,0,0
1,박수종,키움,우익수,9,3,35,11,1,0,1,1,0,0,0,0,0
1,원성준,키움,우익수,9,4,36,4,0,0,0,1,0,0,0,0,0
1,박수종,키움,좌익수,8,0,23,11,0,0,0,1,0,0,0,0,0
1,강진성,키움,1루수,4,2,19,17,1,0,2,1,0,0,0,0,0
1,권혁빈,키움,2루수,7,5,32,7,8,0,2,1,0,0,0,0,0
1,원성준,키움,좌익수,7,5,45,12,0,0,0,1,0,0,0,0,0
1,전태현,키움,좌익수,13,7,60,17,0,0,0,1,0,0,0,0,0
1,전태현,키움,유격수,6,2,20,5,4,0,1,1,0,0,0,0,0
1,스톤,키움,좌익수,3,3,26,6,0,0,0,1,0,0,0,0,0
1,김병휘,키움,2루수,5,2,19,4,8,0,1,1,0,0,0,0,0
1,염승원,키움,2루수,5,4,27,6,7,0,1,1,0,0,0,0,0
1,임지열,키움,우익수,5,5,41,10,1,0,1,1,0,0,0,0,0
1,변상권,키움,좌익수,3,2,15,5,0,0,0,1,0,0,0,0,0
37,이주형,키움,중견수,119,110,967,328,2,1,0,0.997,0,0,0,0,0
38,김동헌,키움,포수,45,18,185,152,6,1,0,0.994,1,22,1,4.3,0
39,임지열,키움,1루수,38,32,285,276,20,2,17,0.993,0,0,0,0,0
40,김건희,키움,포수,104,85,731,532,64,5,7,0.992,11,54,28,34.1,2
40,송성문,키움,2루수,25,23,188,54,63,1,13,0.992,0,0,0,0,0
40,최주환,키움,1루수,97,95,819,698,47,6,67,0.992,0,0,0,0,0
43,김재현,키움,포수,62,41,353,277,28,4,6,0.987,1,31,12,27.9,0
43,김태진,키움,2루수,64,48,430,93,138,3,29,0.987,0,0,0,0,0
45,송지후,키움,2루수,30,25,212,53,74,2,8,0.984,0,0,0,0,0
45,주성원,키움,우익수,37,32,257,60,2,1,0,0.984,0,0,0,0,0
45,임지열,키움,좌익수,49,49,414,122,4,2,2,0.984,0,0,0,0,0
48,오선진,키움,2루수,23,9,97,27,25,1,7,0.981,0,0,0,0,0
49,전태현,키움,2루수,34,24,213,44,68,3,15,0.974,0,0,0,0,0
50,박주홍,키움,우익수,41,29,278,65,1,2,1,0.971,0,0,0,0,0
51,카디네스,키움,우익수,42,40,322,61,4,2,1,0.97,0,0,0,0,0
52,오선진,키움,유격수,51,20,228,40,48,3,11,0.967,0,0,0,0,0
52,박주홍,키움,중견수,14,8,66,28,1,1,1,0.967,0,0,0,0,0
54,카디네스,키움,1루수,6,6,54,42,5,2,1,0.959,0,0,0,0,0
54,송성문,키움,3루수,111,108,935,103,202,13,29,0.959,0,0,0,0,0
56,푸이그,키움,좌익수,28,28,232,45,1,2,0,0.958,0,0,0,0,0
57,스톤,키움,우익수,13,13,114,19,2,1,0,0.955,0,0,0,0,0
57,박수종,키움,중견수,19,6,64,21,0,1,0,0.955,0,0,0,0,0
59,여동욱,키움,1루수,3,3,21,20,0,1,2,0.952,0,0,0,0,0
60,임병욱,키움,우익수,19,11,106,19,0,1,0,0.95,0,0,0,0,0
60,고영우,키움,2루수,6,2,32,8,11,1,0,0.95,0,0,0,0,0
62,전태현,키움,3루수,13,9,80,5,13,1,1,0.947,0,0,0,0,0
63,이용규,키움,중견수,7,7,52,17,0,1,0,0.944,0,0,0,0,0
64,김태진,키움,유격수,34,23,217,27,58,6,7,0.934,0,0,0,0,0
65,어준서,키움,유격수,109,95,763,139,196,26,43,0.928,0,0,0,0,0
66,주성원,키움,좌익수,5,5,32,11,1,1,0,0.923,0,0,0,0,0
67,장재영,키움,중견수,6,2,24,10,0,1,0,0.909,0,0,0,0,0
68,여동욱,키움,3루수,17,9,76,9,13,3,2,0.88,0,0,0,0,0
69,고영우,키움,3루수,4,2,19,1,3,1,0,0.8,0,0,0,0,0
70,양현종,키움,3루수,7,2,17,1,2,1,0,0.75,0,0,0,0,0
71,어준서,키움,3루수,4,4,26,2,1,3,0,0.5,0,0,0,0,0
72,이재상,키움,유격수,1,1,2,0,0,1,0,0,0,0,0,0,0
72,서유신,키움,유격수,1,0,1,0,0,1,0,0,0,0,0,0,0
72,이승원,키움,3루수,1,1,5,0,0,1,0,0,0,0,0,0,0
75,김태진,키움,3루수,1,0,1,0,0,0,0,0,0,0,0,0,0
75,고영우,키움,유격수,1,0,1,0,0,0,0,0,0,0,0,0,0
75,이재상,키움,3루수,1,0,2,0,0,0,0,0,0,0,0,0,0
75,원성준,키움,중견수,1,0,2,0,0,0,0,0,0,0,0,0,0
75,서유신,키움,3루수,2,0,2,0,0,0,0,0,0,0,0,0,0
75,변상권,키움,우익수,2,0,1,0,0,0,0,0,0,0,0,0,0
75,장재영,키움,우익수,2,1,10,0,0,0,0,0,0,0,0,0,0
75,장재영,키움,좌익수,3,0,5,0,0,0,0,0,0,0,0,0,0
1,최인호,한화,좌익수,20,9,95,13,0,0,0,1,0,0,0,0,0
1,문현빈,한화,중견수,4,1,14,3,1,0,0,1,0,0,0,0,0
1,이진영,한화,중견수,3,2,15,3,0,0,0,1,0,0,0,0,0
1,이진영,한화,좌익수,7,5,52,14,1,0,0,1,0,0,0,0,0
1,이원석,한화,중견수,36,20,216,55,0,0,0,1,0,0,0,0,0
1,이원석,한화,우익수,61,24,279,50,4,0,1,1,0,0,0,0,0
1,이승현,한화,유격수,2,0,2,2,0,0,0,1,0,0,0,0,0
1,이민재,한화,우익수,1,1,5,1,0,0,0,1,0,0,0,0,0
1,이도윤,한화,3루수,7,1,24,2,0,0,0,1,0,0,0,0,0
1,이도윤,한화,1루수,4,0,5,7,0,0,0,1,0,0,0,0,0
1,손아섭,한화,좌익수,12,8,47,15,1,0,1,1,0,0,0,0,0
1,손아섭,한화,우익수,46,42,314,68,0,0,0,1,0,0,0,0,0
1,최인호,한화,우익수,7,0,16,3,1,0,0,1,0,0,0,0,0
1,권광민,한화,1루수,6,1,20,17,1,0,1,1,0,0,0,0,0
1,문현빈,한화,2루수,1,0,1,0,1,0,1,1,0,0,0,0,0
1,유로결,한화,중견수,4,0,13,2,1,0,0,1,0,0,0,0,0
1,유로결,한화,우익수,2,1,13,3,0,0,0,1,0,0,0,0,0
1,안치홍,한화,1루수,1,1,6,4,0,0,0,1,0,0,0,0,0
1,플로리얼,한화,좌익수,2,1,11,3,1,0,0,1,0,0,0,0,0
1,이상혁,한화,좌익수,6,0,12,5,0,0,0,1,0,0,0,0,0
1,이상혁,한화,우익수,9,0,19,2,0,0,0,1,0,0,0,0,0
1,이상혁,한화,중견수,9,0,14,4,0,0,0,1,0,0,0,0,0
1,장규현,한화,포수,1,0,2,3,0,0,0,1,0,0,0,0,0
1,하주석,한화,1루수,1,0,1,1,0,0,1,1,0,0,0,0,0
25,최재훈,한화,포수,121,107,813,856,68,5,8,0.995,8,58,18,23.7,1
26,하주석,한화,유격수,61,48,407,59,103,1,21,0.994,0,0,0,0,0
27,채은성,한화,1루수,113,112,929,816,31,6,59,0.993,0,0,0,0,0
28,이도윤,한화,2루수,64,45,380,73,120,2,21,0.99,0,0,0,0,0
29,허인서,한화,포수,19,2,65,78,8,1,1,0.989,1,3,5,62.5,0
29,김태연,한화,1루수,56,26,294,249,27,3,21,0.989,0,0,0,0,0
31,하주석,한화,2루수,28,27,197,33,51,1,10,0.988,0,0,0,0,0
32,이재원,한화,포수,98,35,409,406,33,6,4,0.987,2,35,8,18.6,0
33,이진영,한화,우익수,94,81,642,127,3,2,0,0.985,0,0,0,0,0
34,김태연,한화,우익수,35,23,198,49,5,1,2,0.982,0,0,0,0,0
35,황영묵,한화,2루수,107,61,627,118,187,6,35,0.981,0,0,0,0,0
36,심우준,한화,유격수,91,81,685,140,201,7,40,0.98,0,0,0,0,0
36,문현빈,한화,좌익수,105,104,876,137,8,3,0,0.98,0,0,0,0,0
38,리베라토,한화,중견수,58,58,479,125,7,3,1,0.978,0,0,0,0,0
39,안치홍,한화,2루수,12,11,81,15,28,1,5,0.977,0,0,0,0,0
39,이도윤,한화,유격수,43,15,195,29,56,2,7,0.977,0,0,0,0,0
41,김태연,한화,좌익수,30,23,178,30,1,1,0,0.969,0,0,0,0,0
42,플로리얼,한화,중견수,63,62,537,133,4,5,0,0.965,0,0,0,0,0
43,노시환,한화,3루수,143,143,1262,99,218,17,17,0.949,0,0,0,0,0
44,김인환,한화,1루수,6,4,34,30,6,2,5,0.947,0,0,0,0,0
45,이원석,한화,좌익수,20,2,61,17,0,1,0,0.944,0,0,0,0,0
46,임종찬,한화,우익수,13,10,86,16,0,1,0,0.941,0,0,0,0,0
47,박정현,한화,3루수,1,0,1,0,0,0,0,0,0,0,0,0,0
47,문현빈,한화,3루수,1,0,1,0,0,0,0,0,0,0,0,0,0
47,이승현,한화,2루수,2,0,3,0,0,0,0,0,0,0,0,0,0
47,최인호,한화,중견수,2,0,2,0,0,0,0,0,0,0,0,0,0
47,권광민,한화,우익수,1,1,3,0,0,0,0,0,0,0,0,0,0
47,권광민,한화,좌익수,1,0,1,0,0,0,0,0,0,0,0,0,0
47,유로결,한화,좌익수,1,0,3,0,0,0,0,0,0,0,0,0,0
47,하주석,한화,3루수,1,0,2,0,0,0,0,0,0,0,0,0,0
