순위,선수,팀,평균자책,경기,승,패,세이브,홀드,승률,이닝,피안타,피홈런,볼넷,사구,삼진,실점,자책,WHIP,완투,완봉,퀄리티스타트,상대타자,투구수,폭투,보크,블론세이브,피안타율,선발,선발승,구원승,종료,세이브기회,터프세이브,병살유도,땅볼유도,뜬공유도,BABIP,피출루율,피장타율,피OPS,땅볼/뜬공,투구수/경기,투구수/이닝,K/9,BB/9,K/BB,FIP,ERA-,FIP-,WAR,삼진비율,볼넷비율,세이브율,HR/9,H/9,LOB%
1,김민재,KIA,0,1,0,0,0,0,0,2,2,0,0,0,1,0,0,1,0,0,0,8,21,0,0,0,0.25,0,0,0,1,0,0,0,3,2,0.286,0.25,0.25,0.5,1.5,21,10.5,4.5,0,0,2.39,0,56.2,0.1,12.5,0,0,0,9,100
1,유지성,KIA,0,1,0,0,0,0,0,1,0,0,0,0,0,0,0,0,0,0,0,3,10,0,0,0,0,0,0,0,1,0,0,0,2,1,0,0,0,0,2,10,10,0,0,0,3.39,0,79.7,0,0,0,0,0,0,0
3,성영탁,KIA,1.55,45,3,2,0,7,0.6,52.3,38,2,13,0,30,11,9,0.97,0,0,0,198,753,1,0,0,0.209,0,0,3,5,5,0,7,69,46,0.238,0.26,0.275,0.535,1.5,16.7,14.4,5.16,2.24,2.31,3.49,35.9,81.9,1.2,15.2,6.6,0,0.34,6.45,83
4,네일,KIA,2.25,27,8,4,0,0,0.667,164.3,135,6,41,15,152,46,41,1.07,0,0,19,664,2521,4,0,0,0.225,27,8,0,0,0,0,18,204,110,0.291,0.291,0.289,0.58,1.85,93.4,15.3,8.32,2.25,3.71,3.04,52.5,71.4,5.6,22.9,6.2,0,0.33,7.36,79.4
5,김현수,KIA,2.45,18,0,0,0,0,0,18.3,17,2,13,1,11,5,5,1.64,0,0,0,86,309,2,0,0,0.243,0,0,0,12,0,0,0,16,27,0.259,0.365,0.4,0.765,0.59,17.2,16.9,5.4,6.38,0.85,5.81,55.6,136.5,0.1,12.8,15.1,0,0.95,8.05,92.2
6,김기훈,KIA,3.25,24,1,1,0,0,0.5,27.7,25,2,10,1,27,11,10,1.27,0,0,0,117,464,2,0,0,0.245,0,0,1,2,1,0,0,15,38,0.303,0.31,0.402,0.712,0.39,19.3,16.8,8.78,3.25,2.7,3.56,72,83.7,0.4,23.1,8.5,0,0.61,7.67,75.3
7,전상현,KIA,3.34,74,7,5,1,25,0.583,70,64,4,20,2,50,30,26,1.2,0,0,0,290,1048,3,0,7,0.242,0,0,7,5,31,0,7,75,78,0.282,0.298,0.345,0.643,0.96,14.2,15,6.43,2.57,2.5,3.65,78.5,85.7,0.8,17.2,6.9,3.2,0.51,8.23,69.7
8,올러,KIA,3.62,26,11,7,0,0,0.611,149,125,8,47,8,169,64,60,1.15,1,0,16,620,2490,2,0,0,0.226,26,11,0,1,0,0,5,123,143,0.305,0.293,0.325,0.618,0.86,95.8,16.7,10.21,2.84,3.6,2.93,85.1,68.8,3.9,27.3,7.6,0,0.48,7.55,68.7
9,정해영,KIA,3.79,60,3,7,27,0,0.3,61.7,75,4,18,3,72,30,26,1.51,0,0,0,275,1117,1,0,7,0.299,0,0,3,50,35,2,6,59,47,0.401,0.35,0.398,0.748,1.26,18.6,18.1,10.51,2.63,4,2.94,86.8,68.9,0.8,26.2,6.5,77.1,0.57,10.66,73
10,조상우,KIA,3.9,72,6,6,1,28,0.5,60,64,5,27,6,55,29,26,1.52,0,0,0,271,1113,2,0,3,0.277,0,0,6,7,33,0,4,58,55,0.343,0.366,0.407,0.773,1.05,15.5,18.6,8.25,4.05,2.04,4.29,91.6,100.8,0.3,20.3,10,3,0.75,9.6,75.6
11,윤중현,KIA,4.35,13,1,0,0,0,1,10.3,10,2,7,0,7,5,5,1.65,0,0,0,48,159,1,0,0,0.25,0,0,1,6,0,0,0,12,11,0.258,0.362,0.5,0.862,1.09,12.2,15.4,6.1,6.1,1,6.39,96.1,150.1,-0.1,14.6,14.6,0,1.64,8.18,84.5
12,유승철,KIA,4.5,1,0,0,0,0,0,2,3,0,2,0,3,1,1,2.5,0,0,0,11,40,1,0,0,0.333,0,0,0,1,0,0,0,1,2,0.5,0.455,0.333,0.788,0.5,40,20,13.5,9,1.5,3.39,105.7,79.7,0,27.3,18.2,0,0,13.5,80
13,김태형,KIA,4.56,8,0,3,0,0,0,23.7,25,4,7,5,14,12,12,1.35,0,0,0,107,422,1,1,0,0.272,3,0,0,1,0,0,1,28,25,0.284,0.356,0.446,0.802,1.12,52.8,17.8,5.32,2.66,2,5.76,100.1,135.3,0,13.1,6.5,0,1.42,8.88,79.6
14,이준영,KIA,4.76,57,3,1,0,7,0.75,34,36,6,11,1,34,18,18,1.38,0,0,0,145,569,1,0,1,0.273,0,0,3,5,10,0,5,35,27,0.326,0.333,0.485,0.818,1.3,10,16.7,9,2.91,3.09,4.75,111.9,111.4,0,23.4,7.6,0,1.59,9.53,75.8
15,김도현,KIA,4.81,24,4,7,0,0,0.364,125.3,149,11,33,10,71,79,67,1.45,0,0,9,561,2068,5,1,0,0.296,24,4,0,0,0,0,8,148,143,0.322,0.347,0.433,0.78,1.03,86.2,16.5,5.1,2.37,2.15,4.42,112.4,103.9,0.9,12.7,5.9,0,0.79,10.64,64
16,양현종,KIA,5.06,30,7,9,0,0,0.438,153,171,12,57,4,109,101,86,1.49,0,0,11,677,2497,10,0,0,0.285,30,7,0,0,0,0,15,153,175,0.326,0.347,0.397,0.744,0.87,83.2,16.3,6.41,3.35,1.91,4.18,118.8,98.2,1.1,16.1,8.4,0,0.71,10.06,60.9
17,황동하,KIA,5.3,18,1,2,0,0,0.333,35.7,38,4,10,3,31,21,21,1.35,0,0,0,155,576,0,0,1,0.277,3,0,1,3,1,0,1,32,38,0.327,0.336,0.482,0.818,0.84,32,16.1,7.82,2.52,3.1,4.17,118.9,97.9,0.1,20,6.5,0,0.96,9.16,66.1
18,윤영철,KIA,5.58,13,2,7,0,0,0.222,50,52,4,30,1,43,37,31,1.64,0,0,1,227,888,4,0,0,0.269,13,2,0,0,0,0,7,48,52,0.324,0.367,0.368,0.735,0.92,68.3,17.8,7.74,5.4,1.43,4.57,131,107.4,0.1,18.9,13.2,0,0.72,9.36,59.4
19,장재혁,KIA,6,3,0,0,0,0,0,3,3,1,3,0,2,2,2,2,0,0,0,13,63,0,0,0,0.3,0,0,0,1,0,0,1,1,4,0.286,0.462,0.6,1.062,0.25,21,21,6,9,0.67,9.39,140.9,220.6,-0.1,15.4,23.1,0,3,9,87
20,한재승,KIA,6.48,36,1,1,1,1,0.5,33.3,40,5,31,1,35,29,24,2.13,0,0,0,161,685,4,0,0,0.317,0,0,1,8,4,0,6,31,22,0.398,0.45,0.468,0.918,1.41,19,20.6,9.45,8.37,1.13,6.07,149.2,142.5,-0.8,21.7,19.3,25,1.32,10.59,66.2
21,최지민,KIA,6.58,66,2,4,0,9,0.333,53.3,46,5,51,4,39,40,39,1.82,0,0,0,253,1042,4,0,0,0.238,0,0,2,10,10,0,5,47,64,0.27,0.402,0.363,0.765,0.73,15.8,19.5,6.58,8.61,0.76,6.21,152.6,145.8,-1,15.4,20.2,0,0.83,7.67,64.9
22,김건국,KIA,6.85,26,0,3,0,1,0,46,59,11,17,5,31,38,35,1.65,0,0,0,216,841,3,0,1,0.311,6,0,0,6,2,0,1,51,52,0.318,0.377,0.532,0.909,0.98,32.3,18.3,6.07,3.33,1.82,6.59,160.8,154.7,-1,14.4,7.9,0,2.15,11.54,65.5
23,이도현,KIA,6.92,6,1,1,0,0,0.5,13,17,1,8,1,9,11,10,1.92,0,0,0,65,242,1,0,0,0.309,2,1,0,1,0,0,1,16,14,0.348,0.4,0.455,0.855,1.14,40.3,18.6,6.23,5.54,1.13,5.09,162.6,119.4,-0.2,13.8,12.3,0,0.69,11.77,61
24,이의리,KIA,7.94,10,1,4,0,0,0.2,39.7,41,6,31,3,42,37,35,1.82,0,0,2,193,784,1,0,0,0.266,10,1,0,0,0,0,3,38,35,0.324,0.395,0.481,0.876,1.09,78.4,19.8,9.53,7.03,1.35,5.72,179,134.2,-0.5,21.8,16.1,0,1.31,8.93,57.1
25,김시훈,KIA,8.06,24,1,0,0,1,1,25.7,33,7,10,0,18,25,23,1.68,0,0,0,118,439,0,0,0,0.308,0,0,1,10,1,0,2,29,28,0.313,0.364,0.561,0.925,1.04,18.3,17.1,6.31,3.51,1.8,6.5,177.8,152.7,-0.8,15.3,8.5,0,2.3,10.87,54.2
26,이호민,KIA,8.59,13,1,0,0,0,1,14.7,21,0,9,2,7,14,14,2.05,0,0,0,72,259,0,0,0,0.362,0,0,1,6,0,0,3,15,16,0.404,0.457,0.448,0.905,0.94,19.9,17.7,4.3,5.52,0.78,4.56,181.2,107,-0.3,9.7,12.5,0,0,11.57,56.3
27,김대유,KIA,9.72,15,0,1,0,1,0,8.3,12,1,4,0,3,9,9,1.92,0,0,0,42,140,0,0,0,0.324,0,0,0,2,0,0,0,11,12,0.324,0.381,0.432,0.813,0.92,9.3,16.8,3.24,4.32,0.75,5.5,211.3,129.3,-0.3,7.1,9.5,0,1,12,47.9
28,이형범,KIA,11.7,12,0,0,0,0,0,10,21,0,5,0,6,16,13,2.6,0,0,0,56,209,0,0,0,0.438,0,0,0,5,0,0,0,14,9,0.477,0.473,0.604,1.077,1.56,17.4,20.9,5.4,4.5,1.2,3.69,274.7,86.7,-0.4,10.7,8.9,0,0,18.9,38.5
29,김민주,KIA,12,3,0,0,0,0,0,3,4,0,2,2,2,4,4,2,0,0,0,17,54,0,0,0,0.333,0,0,0,0,0,0,0,2,5,0.364,0.471,0.583,1.054,0.4,18,18,6,6,1,6.06,281.8,142.3,-0.1,11.8,11.8,0,0,12,50
30,임기영,KIA,13,10,1,1,0,0,0.5,9,23,2,4,0,5,13,13,3,0,0,0,52,176,0,0,0,0.489,0,0,1,2,0,0,1,6,13,0.525,0.529,0.702,1.231,0.46,17.6,19.6,5,4,1.25,6.5,305.3,152.7,-0.5,9.6,7.7,0,2,23,57.9
31,곽도규,KIA,13.5,9,0,0,0,3,0,4,3,0,6,2,5,6,6,2.25,0,0,0,22,99,1,0,1,0.214,0,0,0,1,4,0,1,3,3,0.333,0.5,0.214,0.714,1,11,24.8,11.25,13.5,0.83,6.89,317,161.9,-0.2,22.7,27.3,0,0,6.75,45.5
32,이성원,KIA,16.88,4,0,0,0,0,0,2.7,3,0,4,3,3,7,5,2.63,0,0,0,19,71,0,0,0,0.25,0,0,0,2,0,0,0,1,5,0.333,0.526,0.333,0.859,0.2,17.8,26.6,10.13,13.5,0.75,6.85,243.9,161,-0.3,15.8,21.1,0,0,6.23,30
33,김정엽,KIA,18,2,0,0,0,0,0,1,0,0,1,1,0,2,2,1,0,0,0,5,21,0,0,0,0,0,0,0,1,0,0,0,3,0,0,0.4,0,0.4,0,10.5,21,0,9,0,9.39,422.7,220.6,-0.1,0,20,0,0,0,0
34,홍원빈,KIA,27,2,0,0,0,0,0,1.7,2,0,4,0,1,5,5,3.6,0,0,0,11,36,2,0,0,0.333,0,0,0,1,0,0,0,1,3,0.333,0.545,0.333,0.878,0.33,18,21.6,5.4,21.6,0.25,6.39,317,150.1,-0.2,9.1,36.4,0,0,5.4,16.7
1,최용준,KT,2,7,1,0,0,0,1,9,13,0,2,0,5,2,2,1.67,0,0,0,39,128,0,0,0,0.351,0,0,1,1,0,0,2,5,14,0.406,0.385,0.378,0.763,0.36,18.3,14.2,5,2,2.5,2.95,47,69.2,0.2,12.8,5.1,0,0,13,86.7
2,우규민,KT,2.44,53,1,2,0,9,0.333,44.3,45,2,3,4,24,12,12,1.08,0,0,0,185,665,0,0,1,0.259,0,0,1,10,14,0,2,52,53,0.291,0.287,0.328,0.615,0.98,12.5,15,4.87,0.61,8,3.37,56.4,79.2,0.9,13,1.6,0,0.4,9,81.3
3,이상동,KT,2.49,41,3,0,0,5,1,43.3,31,4,9,2,34,12,12,0.92,0,0,0,168,656,1,0,1,0.203,0,0,3,5,10,0,2,32,58,0.231,0.253,0.32,0.573,0.55,16,15.1,7.06,1.87,3.78,3.78,57.6,88.7,0.8,20.2,5.4,0,0.82,6.34,82.4
4,박건우,KT,2.7,6,0,0,0,0,0,6.7,4,1,4,0,9,2,2,1.2,0,0,0,28,117,0,0,0,0.167,0,0,0,4,0,0,0,3,8,0.214,0.286,0.292,0.578,0.38,19.5,17.6,12.15,5.4,2.25,4.23,50.7,99.4,0.1,32.1,14.3,0,1.08,4.32,90.9
5,패트릭,KT,3.12,15,3,3,0,2,0.5,60.7,63,2,21,2,45,26,21,1.38,0,0,2,267,992,5,0,0,0.259,9,3,0,0,4,0,4,75,60,0.311,0.323,0.342,0.665,1.25,66.1,16.4,6.68,3.12,2.14,3.47,71.2,81.6,1.2,16.9,7.9,0,0.29,9.1,72.1
6,문용익,KT,3.14,20,1,0,0,0,1,28.7,21,3,19,0,31,11,10,1.4,0,0,0,121,528,0,0,0,0.212,2,1,0,5,0,0,2,27,21,0.273,0.336,0.374,0.71,1.29,26.4,18.4,9.73,5.97,1.63,4.51,69.7,106,0.3,25.6,15.7,0,0.89,6.23,81
7,고영표,KT,3.3,29,11,8,0,0,0.579,161,170,10,30,15,154,70,59,1.24,1,1,20,685,2525,4,1,0,0.272,26,11,0,2,0,0,14,190,119,0.341,0.317,0.375,0.692,1.6,87.1,15.7,8.61,1.68,5.13,3.13,77.4,73.4,3.8,22.5,4.4,0,0.56,9.5,72.1
7,소형준,KT,3.3,26,10,7,1,0,0.588,147.3,155,6,29,3,123,60,54,1.25,0,0,18,617,2209,4,0,0,0.268,24,10,0,1,1,0,13,189,112,0.331,0.306,0.351,0.657,1.69,85,15,7.51,1.77,4.24,2.91,77.1,68.3,4,19.9,4.7,100,0.36,9.43,71.1
9,박영현,KT,3.39,67,5,6,35,1,0.455,69,68,9,34,2,77,31,26,1.48,0,0,0,305,1228,6,1,7,0.258,0,0,5,53,43,3,3,37,83,0.33,0.346,0.405,0.751,0.45,18.3,17.8,10.04,4.43,2.26,4.42,79.6,103.8,0.5,25.2,11.1,81.4,1.17,8.87,79.9
10,오원석,KT,3.67,25,11,8,0,0,0.579,132.3,130,10,52,4,113,60,54,1.38,0,0,12,565,2187,5,0,0,0.261,25,11,0,0,0,0,10,132,127,0.317,0.333,0.376,0.709,1.04,87.5,16.5,7.69,3.54,2.17,3.93,85.8,92.4,2.5,20,9.2,0,0.68,8.8,73.3
11,손동현,KT,3.84,58,5,0,1,13,1,58.7,66,6,12,3,55,30,25,1.33,0,0,0,257,938,4,0,2,0.278,0,0,5,7,17,0,0,43,74,0.339,0.32,0.43,0.75,0.58,16.2,16,8.44,1.84,4.58,3.61,87.6,84.7,0.5,21.4,4.7,5.9,0.9,9.85,70.2
12,전용주,KT,3.95,21,0,1,0,4,0,13.7,18,0,7,0,11,8,6,1.83,0,0,0,66,257,3,0,0,0.31,0,0,0,0,7,0,1,20,10,0.375,0.379,0.379,0.758,2,12.2,18.8,7.24,4.61,1.57,3.33,82.7,78.1,0.1,16.7,10.6,0,0,10.57,68
13,헤이수스,KT,3.96,32,9,9,0,1,0.5,163.7,173,17,44,8,165,85,72,1.33,0,0,15,712,2716,7,2,0,0.267,30,9,0,0,0,0,7,171,143,0.332,0.32,0.385,0.705,1.2,84.9,16.6,9.07,2.42,3.75,3.68,92,86.4,2.7,23.2,6.2,0,0.93,9.42,69.6
14,주권,KT,4.43,34,0,1,0,0,0,40.7,48,3,13,0,19,23,20,1.5,0,0,0,176,634,0,1,1,0.302,0,0,0,14,1,0,10,56,37,0.326,0.353,0.371,0.724,1.51,18.6,15.6,4.2,2.88,1.46,4.34,99.8,101.9,0.1,10.8,7.4,0,0.64,10.2,66.9
15,김민수,KT,4.96,58,4,3,0,11,0.571,52.7,63,5,15,1,36,31,29,1.48,0,0,0,230,817,5,0,1,0.303,0,0,4,12,21,0,3,56,57,0.339,0.346,0.447,0.793,0.98,14.1,15.5,6.15,2.56,2.4,4.15,112.8,97.4,0.1,15.7,6.5,0,0.83,10.44,66.7
16,임준형,KT,5.19,10,0,0,0,0,0,8.7,11,0,7,1,6,7,5,2.08,0,0,0,42,179,1,0,0,0.333,0,0,0,3,0,0,3,10,6,0.407,0.463,0.364,0.827,1.67,17.9,20.7,6.23,7.27,0.86,4.55,102.3,106.9,-0.1,14.3,16.7,0,0,9.58,63.2
17,원상현,KT,5.21,52,0,3,0,14,0,57,56,8,35,1,45,35,33,1.6,0,0,0,259,1009,4,0,0,0.257,0,0,0,5,17,0,2,62,58,0.286,0.358,0.413,0.771,1.07,19.4,17.7,7.11,5.53,1.29,5.53,122.4,129.9,-0.4,17.4,13.5,0,1.26,8.84,70.5
18,조이현,KT,5.4,3,1,2,0,0,0.333,11.7,17,2,0,1,3,7,7,1.46,0,0,0,50,173,0,0,0,0.347,3,1,0,0,0,0,2,9,20,0.341,0.36,0.551,0.911,0.45,57.7,14.8,2.31,0,0,5.12,111,120.2,0.1,6,0,0,1.35,11.48,72.4
18,쿠에바스,KT,5.4,18,3,10,0,0,0.231,98.3,104,13,46,5,60,69,59,1.53,0,0,7,445,1663,4,1,0,0.268,18,3,0,0,0,0,8,108,118,0.287,0.351,0.415,0.766,0.92,92.4,16.9,5.49,4.21,1.3,5.43,126,127.6,-0.1,13.5,10.3,0,1.18,9.45,62.9
20,배제성,KT,5.67,8,2,3,0,0,0.4,27,38,2,11,0,23,17,17,1.81,0,0,0,127,514,1,0,0,0.33,5,1,1,0,1,0,1,26,28,0.4,0.389,0.443,0.832,0.93,64.3,19,7.67,3.67,2.09,3.87,133.1,91,0.2,18.1,8.7,0,0.67,12.67,69.3
21,이채호,KT,6.17,10,0,0,0,0,0,11.7,12,1,5,2,8,8,8,1.46,0,0,0,53,195,0,0,0,0.286,1,0,0,2,0,0,1,13,12,0.306,0.365,0.524,0.889,1.08,19.5,16.7,6.17,3.86,1.6,4.74,126.8,111.4,-0.1,15.1,9.4,0,0.68,8.1,62.5
22,최동환,KT,8.68,20,1,1,0,0,0.5,18.7,27,4,12,1,9,19,18,2.09,0,0,0,91,326,0,0,0,0.351,0,0,1,9,0,0,2,20,22,0.354,0.44,0.597,1.037,0.91,16.3,17.5,4.34,5.79,0.75,6.98,187.1,164,-0.6,9.9,13.2,0,1.77,11.95,61
23,김재원,KT,10.38,4,0,0,0,0,0,4.3,3,0,8,1,4,5,5,2.54,0,0,0,24,99,3,0,0,0.214,0,0,0,3,0,0,1,4,4,0.273,0.5,0.286,0.786,1,24.8,22.8,8.31,16.62,0.5,7.19,211.3,168.9,-0.2,16.7,33.3,0,0,5.4,58.3
24,김동현,KT,13.5,3,0,0,0,0,0,3.3,7,2,3,0,4,5,5,3,0,0,0,19,66,3,0,0,0.438,0,0,0,2,0,0,1,1,4,0.5,0.526,0.813,1.339,0.25,22,19.8,10.8,8.1,1.33,10.14,264.2,238.2,-0.2,21.1,15.8,0,4.5,15.75,69.4
25,한차현,KT,16.2,2,0,0,0,0,0,1.7,4,0,2,0,1,3,3,3.6,0,0,0,11,40,1,0,0,0.444,0,0,0,1,0,0,0,2,2,0.5,0.545,0.444,0.989,1,20,24,5.4,10.8,0.5,4.59,190.2,107.9,-0.1,9.1,18.2,0,0,10.8,50
26,이정현,KT,16.62,6,0,0,0,0,0,4.3,9,0,4,1,3,8,8,3,0,0,0,27,100,0,0,0,0.429,0,0,0,6,0,0,0,5,5,0.474,0.519,0.571,1.09,1,16.7,23.1,6.23,8.31,0.75,5.19,338.2,121.9,-0.3,11.1,14.8,0,0,16.2,42.9
27,강백호,KT,18,1,0,0,0,0,0,1,3,1,1,0,1,2,2,4,0,0,0,7,25,0,0,0,0.5,0,0,0,1,0,0,0,1,1,0.5,0.571,1.167,1.738,1,25,25,9,9,1,17.39,422.7,408.4,-0.1,14.3,14.3,0,9,27,76.9
28,강건,KT,24.55,2,0,1,0,0,0,3.7,7,1,7,1,1,10,10,3.82,0,0,0,26,104,0,0,0,0.5,1,0,0,1,0,0,0,3,5,0.429,0.625,0.857,1.482,0.6,52,28.4,2.45,17.18,0.14,9.96,396.3,233.8,-0.4,3.8,26.9,0,1.69,11.81,36.8
1,이종준,LG,0,2,0,0,0,0,0,1.7,0,0,1,0,2,0,0,0.6,0,0,0,6,33,0,0,0,0,0,0,0,2,0,0,0,3,0,0,0.167,0,0.167,0,16.5,19.8,10.8,5.4,2,3.09,0,72.6,0.1,33.3,16.7,0,0,0,100
2,김강률,LG,1.46,12,1,0,1,4,1,12.3,7,0,8,1,9,2,2,1.22,0,0,0,51,182,0,0,0,0.167,0,0,1,4,4,0,2,16,10,0.212,0.314,0.19,0.504,1.6,15.2,14.8,6.57,5.84,1.13,4.09,32.5,95.9,0.3,17.6,15.7,25,0,4.85,87.5
3,이우찬,LG,1.89,23,0,1,0,0,0,19,13,0,14,1,20,6,4,1.42,0,0,0,86,338,3,0,0,0.186,0,0,0,6,4,0,0,18,19,0.26,0.329,0.214,0.543,0.95,14.7,17.8,9.47,6.63,1.43,3.66,44.5,85.9,0.3,23.3,16.3,0,0,6.16,78.6
4,김영우,LG,2.4,66,3,2,1,7,0.6,60,49,2,30,3,56,17,16,1.32,0,0,0,255,957,5,0,3,0.228,0,0,3,11,14,0,6,53,59,0.296,0.328,0.316,0.644,0.9,14.5,16,8.4,4.5,1.87,3.61,56.4,84.8,1,22,11.8,7.1,0.3,7.35,82.1
5,유영찬,LG,2.63,39,2,2,21,1,0.5,41,31,2,23,3,52,14,12,1.32,0,0,0,177,672,3,0,1,0.208,0,0,2,35,23,7,3,37,30,0.302,0.324,0.295,0.619,1.23,17.2,16.4,11.41,5.05,2.26,3.39,61.9,79.7,0.6,29.4,13,91.3,0.44,6.8,79.3
6,톨허스트,LG,2.86,8,6,2,0,0,0.75,44,39,2,16,2,45,15,14,1.25,0,0,5,184,713,1,0,0,0.238,8,6,0,0,0,0,4,43,38,0.314,0.311,0.329,0.64,1.13,89.1,16.2,9.2,3.27,2.81,3.17,67.2,74.3,1.2,24.5,8.7,0,0.41,7.98,77.5
7,임찬규,LG,3.03,27,11,7,0,0,0.611,160.3,163,9,40,6,107,61,54,1.27,1,1,15,670,2490,1,0,0,0.265,27,11,0,1,0,0,19,175,174,0.306,0.314,0.38,0.694,1.01,92.2,15.5,6.01,2.25,2.68,3.65,70.9,85.7,3.5,16,6,0,0.5,9.11,75.4
8,치리노스,LG,3.31,30,13,6,0,0,0.684,177,173,5,36,9,137,71,65,1.18,0,0,17,737,2809,4,0,0,0.253,30,13,0,0,0,0,11,251,123,0.31,0.299,0.316,0.615,2.04,93.6,15.9,6.97,1.83,3.81,2.97,77.6,69.9,4.5,18.6,4.9,0,0.25,8.8,69.7
9,손주영,LG,3.41,30,11,6,0,0,0.647,153,153,8,49,4,132,67,58,1.32,0,0,14,644,2496,6,0,0,0.262,27,11,0,0,0,0,23,187,114,0.325,0.322,0.345,0.667,1.64,83.2,16.3,7.76,2.88,2.69,3.39,80.1,79.5,3,20.5,7.6,0,0.47,9,71.4
10,김진성,LG,3.44,78,6,4,1,33,0.6,70.7,61,7,24,0,63,28,27,1.2,0,0,0,291,1235,1,0,7,0.236,0,0,6,2,35,0,3,51,90,0.277,0.294,0.368,0.662,0.57,15.8,17.5,8.02,3.06,2.63,3.9,78.9,91.7,0.7,21.6,8.2,2.9,0.87,7.59,75.8
11,송승기,LG,3.5,28,11,6,0,0,0.647,144,149,15,49,1,125,61,56,1.38,0,0,10,629,2523,2,0,0,0.261,27,11,0,0,0,0,6,109,191,0.309,0.319,0.388,0.707,0.57,90.1,17.5,7.81,3.06,2.55,4.05,82.2,95.2,2.4,19.9,7.8,0,0.94,9.31,77.5
12,백승현,LG,3.9,33,1,0,0,2,1,30,28,2,28,1,27,13,13,1.87,0,0,0,146,583,3,0,0,0.246,0,0,1,9,5,0,1,30,30,0.302,0.396,0.342,0.738,1,17.7,19.4,8.1,8.4,0.96,5.36,91.6,125.9,0,18.5,19.2,0,0.6,8.4,81.2
13,에르난데스,LG,4.23,14,4,4,0,0,0.5,66,53,7,24,5,73,32,31,1.17,0,0,7,276,1142,3,0,0,0.219,14,4,0,0,0,0,2,49,72,0.275,0.297,0.364,0.661,0.68,81.6,17.3,9.95,3.27,3.04,3.88,99.3,91.1,1,26.4,8.7,0,0.95,7.23,69.3
14,장현식,LG,4.35,56,3,3,10,5,0.5,49.7,65,4,21,5,38,27,24,1.73,0,0,0,234,884,4,0,1,0.317,0,0,3,14,18,1,7,63,39,0.374,0.394,0.463,0.857,1.62,15.8,17.8,6.89,3.81,1.81,4.44,98.8,104.4,-0.1,16.2,9,55.6,0.7,11.4,74.9
15,우강훈,LG,4.66,11,0,0,0,0,0,9.7,12,0,6,2,5,5,5,1.86,0,0,0,46,180,0,0,0,0.324,0,0,0,4,0,0,4,13,8,0.364,0.435,0.378,0.813,1.63,16.4,18.6,4.66,5.59,0.83,4.63,93.2,108.7,0,10.9,13,0,0,9.53,75
16,박명근,LG,4.89,44,3,4,4,10,0.429,38.7,36,5,16,5,30,21,21,1.34,0,0,0,168,638,0,1,1,0.25,0,0,3,13,14,0,3,36,43,0.282,0.343,0.403,0.746,0.84,14.5,16.5,6.98,3.72,1.88,5.08,110,119.3,-0.2,17.9,9.5,28.6,1.12,8.03,72
17,이정용,LG,5.03,39,6,1,1,7,0.857,34,32,3,12,2,26,19,19,1.29,0,0,0,139,575,0,0,1,0.258,0,0,6,3,12,0,7,30,36,0.305,0.333,0.371,0.704,0.83,14.7,16.9,6.88,3.18,2.17,4.25,118.1,99.7,0,18.7,8.6,8.3,0.79,8.47,64.6
18,최지명,LG,5.28,13,0,1,0,2,0,29,35,3,14,1,21,17,17,1.69,0,0,0,132,507,2,0,0,0.302,4,0,0,3,1,0,2,24,37,0.344,0.379,0.466,0.845,0.65,39,17.5,6.52,4.34,1.5,4.84,123.9,113.7,-0.1,15.9,10.6,0,0.93,10.86,72.1
19,이지강,LG,5.32,43,1,2,3,4,0.333,47.3,50,4,24,1,39,29,28,1.56,0,0,0,211,883,1,1,1,0.27,1,0,1,7,9,0,4,53,44,0.322,0.355,0.405,0.76,1.2,20.5,18.7,7.42,4.56,1.63,4.41,123.3,103.6,-0.2,18.5,11.4,33.3,0.75,9.38,66.3
20,김종운,LG,5.4,2,0,0,0,0,0,1.7,2,2,0,0,2,3,1,1.2,0,0,0,7,31,0,0,0,0.286,0,0,0,2,0,0,1,2,1,0,0.286,1.143,1.429,2,15.5,18.6,10.8,0,0,9.99,63.4,234.7,-0.2,28.6,0,0,5.4,5.4,0
21,배재준,LG,5.54,14,0,0,0,1,0,13,9,1,7,1,14,8,8,1.23,0,0,0,56,234,1,0,0,0.191,0,0,0,5,2,0,0,12,13,0.242,0.304,0.34,0.644,0.92,16.7,18,9.69,4.85,2,4.09,130.1,95.9,0,25,12.5,0,0.69,6.23,57.7
22,함덕주,LG,6,31,2,3,0,1,0.4,27,14,1,18,0,26,19,18,1.19,0,0,0,113,463,3,0,0,0.159,0,0,2,5,1,0,1,15,36,0.203,0.294,0.25,0.544,0.42,14.9,17.1,8.67,6,1.44,3.95,140.9,92.7,-0.2,23,15.9,0,0.33,4.67,42.5
23,코엔 윈,LG,7.04,5,1,1,0,0,0.5,23,28,4,4,5,8,19,18,1.39,0,0,1,107,408,0,0,0,0.295,5,1,0,0,0,0,1,31,29,0.286,0.352,0.495,0.847,1.07,81.6,17.7,3.13,1.57,2,6.13,165.4,144,-0.3,7.5,3.7,0,1.57,10.96,57.3
24,김진수,LG,9,4,0,0,0,0,0,5,11,2,1,0,6,5,5,2.4,0,0,0,27,104,0,0,0,0.423,0,0,0,3,0,0,0,4,5,0.5,0.444,0.769,1.213,0.8,26,20.8,10.8,1.8,6,6.79,211.3,159.5,-0.2,22.2,3.7,0,3.6,19.8,76.1
24,성동현,LG,9,12,0,0,0,0,0,9,10,2,9,0,6,9,9,2.11,0,0,0,45,201,1,0,0,0.286,0,0,0,6,0,0,0,10,9,0.296,0.432,0.457,0.889,1.11,16.8,22.3,6,9,0.67,7.95,211.3,186.7,-0.4,13.3,20,0,2,10,61.7
26,김유영,LG,12.46,6,0,0,0,0,0,4.3,8,0,4,1,5,6,6,2.77,0,0,0,26,108,0,0,0,0.4,0,0,0,4,0,0,0,2,5,0.533,0.52,0.55,1.07,0.4,18,24.9,10.38,8.31,1.25,4.39,253.6,103.2,-0.2,19.2,15.4,0,0,14.4,53.8
27,박시원,LG,13.5,2,0,0,0,0,0,1.3,0,0,5,0,0,2,2,3.75,0,0,0,9,35,0,0,0,0,0,0,0,1,0,0,0,1,3,0,0.556,0,0.556,0.33,17.5,26.3,0,33.75,0,10.89,211.3,255.8,-0.1,0,55.6,0,0,0,60
28,정우영,LG,20.25,4,0,0,0,0,0,2.7,1,1,4,1,3,6,6,1.88,0,0,0,13,56,0,0,0,0.125,0,0,0,1,0,0,1,4,0,0,0.462,0.5,0.962,0,14,21,10.13,13.5,0.75,8.47,292.6,198.9,-0.3,23.1,30.8,0,2.08,2.08,0
29,김주온,LG,27,1,0,1,0,0,0,1,0,0,2,2,1,1,1,6,0,0,0,5,23,0,0,0,0,1,0,0,0,0,0,0,0,0,0,0.8,0,0.8,0,23,69,27,54,0.5,13.39,211.3,314.5,-0.1,20,40,0,0,0,75
1,데이비슨,NC,0,1,0,0,0,0,0,1,0,0,0,0,0,0,0,0,0,0,0,1,2,0,0,0,0,0,0,0,1,0,0,0,0,1,0,0,0,0,0,2,6,0,0,0,3.39,0,79.7,0,0,0,0,0,0,0
2,구창모,NC,2.51,4,1,0,0,0,1,14.3,14,1,3,0,18,4,4,1.19,0,0,0,59,250,1,0,0,0.25,3,0,1,0,0,0,1,11,13,0.351,0.288,0.357,0.645,0.85,62.5,17.4,11.3,1.88,6,2.46,56.4,57.8,0.6,30.5,5.1,0,0.6,8.4,83.3
3,김영규,NC,2.86,45,4,3,0,21,0.571,44,40,3,18,3,35,17,14,1.32,0,0,0,189,762,6,0,1,0.253,0,0,4,1,21,0,6,48,40,0.296,0.332,0.335,0.667,1.2,16.9,17.3,7.16,3.68,1.94,4.12,67.2,96.8,0.8,18.5,9.5,0,0.61,8.18,77.5
4,류진욱,NC,3.27,62,4,3,29,0,0.571,66,50,6,28,6,57,27,24,1.18,0,0,0,275,1061,5,0,1,0.21,0,0,4,51,31,5,8,79,53,0.25,0.308,0.324,0.632,1.49,17.1,16.1,7.77,3.82,2.04,4.39,76.9,103.2,1.1,20.7,10.2,93.5,0.82,6.82,75.4
5,김진호,NC,3.36,76,4,3,6,20,0.571,72.3,53,5,45,9,70,30,27,1.35,0,0,0,316,1303,9,1,5,0.205,0,0,4,11,30,0,5,62,75,0.259,0.341,0.317,0.658,0.83,17.1,18,8.71,5.6,1.56,4.58,78.2,107.7,1.1,22.2,14.2,20,0.62,6.53,77
6,라일리,NC,3.45,30,17,7,0,0,0.708,172,136,18,56,3,216,76,66,1.12,0,0,16,709,2916,5,0,0,0.212,30,17,0,0,0,0,5,134,160,0.286,0.277,0.341,0.618,0.84,97.2,17,11.3,2.93,3.86,3.27,81.1,76.8,5.4,30.5,7.9,0,0.94,7.12,70.1
7,임지민,NC,3.86,7,0,1,0,1,0,4.7,1,0,5,0,7,2,2,1.29,0,0,0,20,84,0,0,1,0.071,0,0,0,3,2,0,0,2,5,0.125,0.3,0.071,0.371,0.4,12,18,13.5,9.64,1.4,3.55,66.7,83.4,0.1,35,25,0,0,1.42,66.7
8,전사민,NC,4.26,74,7,7,2,13,0.5,82.3,86,3,33,11,62,45,39,1.45,0,0,0,370,1341,7,0,4,0.273,0,0,7,6,17,1,9,108,62,0.328,0.359,0.352,0.711,1.74,18.1,16.3,6.78,3.61,1.88,3.96,99.3,93,1,16.8,8.9,11.8,0.33,9.33,67.6
9,손주환,NC,4.35,52,6,1,0,7,0.857,51.7,53,5,19,1,37,29,25,1.39,0,0,0,224,807,0,0,0,0.264,0,0,6,7,5,0,5,61,52,0.298,0.327,0.363,0.69,1.17,15.5,15.6,6.45,3.31,1.95,4.35,99.1,102.1,0.5,16.5,8.5,0,0.84,8.94,66.7
10,배재환,NC,4.48,70,2,4,2,24,0.333,60.3,48,3,37,11,51,36,30,1.41,0,0,0,271,1117,6,0,3,0.221,0,0,2,6,32,0,5,42,76,0.276,0.362,0.3,0.662,0.55,16,18.5,7.61,5.52,1.38,4.72,103.9,110.9,0.4,18.8,13.7,6.3,0.44,7.08,65.4
11,로건,NC,4.53,32,7,12,0,0,0.368,173,180,18,67,10,149,98,87,1.43,0,0,16,770,3037,6,0,0,0.263,31,7,0,0,0,0,13,188,173,0.31,0.335,0.391,0.726,1.09,94.9,17.6,7.75,3.49,2.22,4.36,106.3,102.3,3.4,19.4,8.7,0,0.94,9.36,68.6
12,신민혁,NC,4.77,28,6,3,0,0,0.667,132,148,23,26,6,84,76,70,1.32,1,0,5,568,2292,3,0,0,0.281,28,6,0,1,0,0,6,118,182,0.294,0.319,0.454,0.773,0.65,81.9,17.4,5.73,1.77,3.23,5.11,112.1,120.1,2.1,14.8,4.6,0,1.57,10.09,70.4
13,임정호,NC,4.82,31,1,1,0,4,0.5,18.7,18,3,9,4,15,13,10,1.45,0,0,0,88,336,1,0,2,0.254,0,0,1,3,6,0,1,22,17,0.278,0.365,0.451,0.816,1.29,10.8,18,7.23,4.34,1.67,5.75,103.9,135.1,0,17,10.2,0,1.33,7.97,67.2
14,김태훈,NC,5.21,18,0,0,0,0,0,19,17,4,16,1,9,15,11,1.74,0,0,0,94,356,5,0,0,0.224,0,0,0,8,0,0,0,26,24,0.206,0.366,0.408,0.774,1.08,19.8,18.7,4.26,7.58,0.56,7.87,122.4,184.7,-0.3,9.6,17,0,1.89,8.05,66.9
15,소이현,NC,5.63,7,0,0,0,0,0,8,5,0,7,1,3,5,5,1.5,0,0,0,36,140,2,0,0,0.192,0,0,0,4,0,0,1,7,12,0.208,0.371,0.231,0.602,0.58,20,17.5,3.38,7.88,0.43,5.64,132.1,132.5,0,8.3,19.4,0,0,5.63,61.5
16,목지훈,NC,6.05,16,3,5,0,0,0.375,58,68,6,42,5,45,42,39,1.9,0,0,1,280,1115,9,2,0,0.298,15,3,0,0,0,0,3,60,58,0.344,0.414,0.439,0.853,1.03,69.7,19.2,6.98,6.52,1.07,5.62,142.1,131.9,0.4,16.1,15,0,0.93,10.55,68.5
17,김재열,NC,6.23,22,0,0,0,2,0,21.7,32,5,16,1,16,16,15,2.22,0,0,0,111,402,2,0,0,0.356,0,0,0,10,3,0,2,20,24,0.38,0.45,0.611,1.061,0.83,18.3,18.6,6.65,6.65,1,6.99,135.9,164.2,-0.2,14.4,14.4,0,1.93,12.34,78.6
17,최성영,NC,6.23,35,2,2,0,4,0.5,47.7,62,6,28,3,33,33,33,1.89,0,0,0,228,921,2,1,0,0.33,6,1,1,2,4,0,8,53,45,0.364,0.415,0.516,0.931,1.18,26.3,19.3,6.23,5.29,1.18,5.52,141.4,129.7,0,14.5,12.3,0,1.09,11.31,70.9
19,김녹원,NC,6.56,21,3,4,0,1,0.429,70,75,10,47,3,37,53,51,1.74,0,0,0,327,1290,4,0,0,0.277,16,3,0,1,0,0,7,67,93,0.289,0.388,0.443,0.831,0.72,61.4,18.4,4.76,6.04,0.79,6.34,154,148.8,0,11.3,14.4,0,1.29,9.64,64.9
20,하준영,NC,6.75,10,1,1,0,1,0.5,5.3,10,0,7,0,5,4,4,3.19,0,0,0,33,126,0,0,0,0.385,0,0,1,2,0,0,1,4,7,0.476,0.515,0.538,1.053,0.57,12.6,23.6,8.44,11.81,0.71,5.23,140.9,122.7,0,15.2,21.2,0,0,15,76.5
21,조민석,NC,6.92,6,0,1,0,0,0,13,12,3,11,2,4,10,10,1.77,0,0,0,61,258,2,0,0,0.25,2,0,0,1,0,0,3,16,16,0.22,0.41,0.479,0.889,1,43,19.8,2.77,7.62,0.36,8.78,162.6,206.1,-0.2,6.6,18,0,2.08,8.31,72.1
22,이준혁,NC,7.3,25,1,3,0,0,0.25,37,43,8,20,6,30,33,30,1.7,0,0,0,170,699,4,0,0,0.305,3,0,1,5,1,0,9,39,30,0.337,0.411,0.539,0.95,1.3,28,18.9,7.3,4.86,1.5,6.69,171.4,157.1,-0.5,17.6,11.8,0,1.95,10.46,62.3
23,신영우,NC,7.53,8,1,3,0,0,0.25,14.3,8,2,16,3,19,13,12,1.67,0,0,0,68,307,4,0,0,0.174,3,0,1,2,0,0,0,10,11,0.222,0.403,0.348,0.751,0.91,38.4,21.4,11.93,10.05,1.19,6.39,169.1,150.1,-0.1,27.9,23.5,0,1.2,4.8,57.9
24,김민규,NC,7.71,7,0,0,0,1,0,4.7,5,0,4,0,2,4,4,1.93,0,0,0,23,96,0,0,0,0.278,0,0,0,1,0,0,0,7,5,0.294,0.391,0.389,0.78,1.4,13.7,20.6,3.86,7.71,0.5,4.66,133.5,109.3,0,8.7,17.4,0,0,7.11,55.6
25,최우석,NC,8.16,12,0,0,0,0,0,14.3,23,1,9,0,15,16,13,2.23,0,0,0,75,282,5,0,0,0.359,0,0,0,4,0,0,1,14,13,0.449,0.432,0.484,0.916,1.08,23.5,19.7,9.42,5.65,1.67,4.06,183.2,95.3,-0.2,20,12,0,0.6,13.8,52.3
26,도태훈,NC,9,1,0,0,0,0,0,1,3,1,0,0,1,1,1,3,0,0,0,6,16,0,0,0,0.5,0,0,0,1,0,0,0,1,1,0.5,0.5,1,1.5,1,16,16,9,0,0,14.39,211.3,338,-0.1,16.7,0,0,9,27,125
27,이용찬,NC,10.57,12,1,2,0,1,0.333,15.3,23,1,12,4,14,18,18,2.28,0,0,0,83,334,2,0,1,0.348,3,0,1,1,1,0,1,14,16,0.423,0.47,0.455,0.925,0.88,27.8,21.8,8.22,7.04,1.17,5.46,237.8,128.1,-0.3,16.9,14.5,0,0.56,12.94,55.9
28,김태경,NC,10.64,6,0,0,0,1,0,11,18,4,9,2,10,20,13,2.45,0,0,0,62,266,1,0,0,0.367,4,0,0,0,1,0,0,8,13,0.4,0.483,0.673,1.156,0.62,44.3,24.2,8.18,7.36,1.11,9.3,249.8,218.4,-0.6,16.1,14.5,0,3.27,14.73,38.5
29,김태현,NC,12,5,0,0,0,1,0,3,5,2,3,2,2,4,4,2.67,0,0,0,17,69,1,0,0,0.417,0,0,0,0,1,0,0,3,2,0.375,0.588,1,1.588,1.5,13.8,23,6,9,0.67,15.73,281.8,369.3,-0.2,11.8,17.6,0,6,15,83.3
30,임상현,NC,18,1,0,0,0,0,0,1,2,0,3,0,0,2,2,5,0,0,0,8,34,0,0,0,0.4,0,0,0,0,0,0,0,0,3,0.4,0.625,0.6,1.225,0,34,34,0,27,0,12.39,422.7,291,-0.1,0,37.5,0,0,18,60
1,김성민,SSG,0,2,1,0,0,0,1,2,0,0,2,0,0,0,0,3,0,0,0,4,22,1,0,0,0,0,0,1,1,0,0,0,1,1,0,0.5,0,0.5,1,11,33,0,27,0,6.39,0,150.1,0,0,50,0,0,0,100
1,신지환,SSG,0,1,0,0,0,0,0,1,0,0,0,1,1,0,0,0,0,0,0,4,18,0,0,0,0,0,0,0,0,0,0,0,1,1,0,0.25,0,0.25,1,18,18,9,0,0,4.39,0,103.2,0,25,0,0,0,0,100
3,조병현,SSG,1.6,69,5,4,30,0,0.556,67.3,42,5,18,0,79,13,12,0.89,0,0,0,255,1088,1,0,2,0.179,0,0,5,55,32,2,3,41,74,0.243,0.236,0.272,0.508,0.55,15.8,16.2,10.56,2.41,4.39,2.82,37.3,66.2,1.7,31,7.1,93.8,0.66,5.56,88.7
4,이로운,SSG,1.99,75,6,5,1,33,0.545,77,56,7,26,0,66,19,17,1.06,0,0,0,305,1261,2,0,1,0.206,0,0,6,5,31,0,5,65,88,0.243,0.272,0.305,0.577,0.74,16.8,16.4,7.71,3.04,2.54,3.87,46.7,91,1.2,21.6,8.5,3.2,0.82,6.55,87.3
5,노경은,SSG,2.14,77,3,6,3,35,0.333,80,60,2,25,3,68,22,19,1.06,0,0,0,320,1177,3,0,6,0.215,0,0,3,6,36,0,2,76,79,0.272,0.283,0.272,0.555,0.96,15.3,14.7,7.65,2.81,2.72,3.07,50.2,72,1.5,21.3,7.8,8.3,0.23,6.75,77.5
6,앤더슨,SSG,2.25,30,12,7,0,0,0.632,171.7,121,13,51,9,245,53,43,1,0,0,17,694,2792,10,0,0,0.193,30,12,0,0,0,0,7,130,134,0.29,0.262,0.285,0.547,0.97,93.1,16.3,12.84,2.67,4.8,2.58,52.4,60.6,5.3,35.3,7.3,0,0.68,6.28,78.6
7,김택형,SSG,2.78,25,0,0,0,1,0,22.7,19,0,10,3,14,7,7,1.28,0,0,0,95,371,2,0,0,0.235,0,0,0,13,0,0,4,27,21,0.284,0.34,0.309,0.649,1.29,14.8,16.4,5.56,3.97,1.4,3.85,60.8,90.3,0.3,14.7,10.5,0,0,7.03,78.1
8,화이트,SSG,2.87,24,11,4,0,0,0.733,134.7,111,9,44,8,137,51,43,1.15,1,0,12,562,2165,6,0,0,0.221,24,11,0,0,0,0,8,162,96,0.283,0.292,0.316,0.608,1.69,90.2,16.1,9.16,2.94,3.11,3.39,66.7,79.5,2.8,24.4,7.8,0,0.59,7.33,74.5
9,김민,SSG,2.97,70,5,2,1,22,0.714,63.7,60,7,17,6,65,23,21,1.21,0,0,0,266,944,4,0,4,0.251,0,0,5,6,22,1,11,77,37,0.317,0.317,0.368,0.685,2.08,13.5,14.8,9.19,2.4,3.82,3.85,67.9,90.5,0.6,24.4,6.4,4.5,0.96,8.27,82
10,박기호,SSG,3,18,0,0,0,2,0,24,23,3,12,8,13,10,8,1.46,0,0,0,110,451,2,0,0,0.267,1,0,0,6,0,0,5,33,18,0.282,0.402,0.395,0.797,1.83,25.1,18.8,4.88,4.5,1.08,6.43,70.4,151.1,-0.2,11.8,10.9,0,1.13,8.63,85.1
11,박시후,SSG,3.27,52,6,2,0,3,0.75,52.3,45,5,29,5,34,24,19,1.41,0,0,0,231,930,0,1,0,0.233,1,0,6,6,1,0,6,65,50,0.258,0.346,0.326,0.672,1.3,17.9,17.8,5.85,4.99,1.17,5.26,75.8,123.5,-0.3,14.7,12.6,0,0.85,7.64,76.4
12,김건우,SSG,3.82,35,5,4,0,2,0.556,66,53,2,49,7,68,31,28,1.55,0,0,0,301,1241,4,0,0,0.22,13,4,1,5,3,0,5,51,71,0.295,0.365,0.303,0.668,0.72,35.5,18.8,9.27,6.68,1.39,4.27,89.7,100.3,0.3,22.6,16.3,0,0.27,7.23,73.4
13,최민준,SSG,3.97,40,2,2,0,1,0.5,65.7,72,6,24,3,44,34,29,1.46,0,0,0,287,1172,3,0,0,0.289,8,0,2,10,2,0,9,67,70,0.325,0.354,0.39,0.744,0.96,29.3,17.8,6.03,3.29,1.83,4.45,91,104.4,-0.1,15.3,8.4,0,0.8,9.62,71.7
14,전영준,SSG,4.61,34,1,5,0,0,0.167,52.7,48,5,26,5,55,28,27,1.41,0,0,0,228,993,3,0,0,0.249,5,0,1,6,1,0,4,35,56,0.321,0.351,0.373,0.724,0.63,29.2,18.9,9.4,4.44,2.12,4.28,105,100.4,-0.1,24.1,11.4,0,0.83,7.95,70.8
15,한두솔,SSG,4.95,44,2,0,1,3,1,36.3,46,1,19,1,27,22,20,1.79,0,0,0,169,649,1,0,1,0.317,0,0,2,7,4,1,5,38,36,0.378,0.395,0.372,0.767,1.06,14.8,17.9,6.69,4.71,1.42,3.91,114.2,91.7,-0.2,16,11.2,25,0.24,11.19,68.1
16,김광현,SSG,5,28,10,10,0,0,0.5,144,164,13,50,4,138,86,80,1.49,0,0,9,636,2453,6,0,0,0.286,28,10,0,0,0,0,15,149,126,0.354,0.345,0.406,0.751,1.18,87.6,17,8.63,3.13,2.76,3.77,117.4,88.6,0.9,21.7,7.9,0,0.81,10.25,66.1
17,문승원,SSG,5.13,23,4,7,0,0,0.364,105.3,109,16,38,5,61,61,60,1.4,0,0,5,452,1783,4,0,0,0.273,21,4,0,0,0,0,13,105,128,0.285,0.341,0.466,0.807,0.82,77.5,16.9,5.21,3.25,1.61,5.42,119.6,127.3,-0.3,13.5,8.4,0,1.36,9.25,70.2
18,송영진,SSG,5.83,21,2,5,0,0,0.286,63.3,77,10,31,3,40,45,41,1.71,0,0,1,288,1070,2,0,0,0.312,8,2,0,2,0,0,12,72,62,0.333,0.389,0.462,0.851,1.16,51,16.9,5.68,4.41,1.29,5.77,135.4,135.4,-1.1,13.9,10.8,0,1.41,10.83,68
19,최현석,SSG,6.23,13,0,0,0,0,0,17.3,21,5,6,2,11,13,12,1.56,0,0,0,77,290,1,0,0,0.304,0,0,0,8,0,0,2,25,12,0.302,0.377,0.551,0.928,2.08,22.3,16.7,5.71,3.12,1.83,7.12,140.9,167.1,-0.6,14.3,7.8,0,2.5,10.5,72.7
20,서진용,SSG,6.75,2,0,0,0,0,0,1.3,1,0,3,0,0,1,1,3,0,0,0,7,27,0,0,0,0.25,0,0,0,1,0,0,1,1,2,0.25,0.571,0.25,0.821,0.5,13.5,20.3,0,20.25,0,7.89,105.7,185.3,0,0,42.9,0,0,4.5,75
21,박종훈,SSG,7.11,5,0,2,0,0,0,19,15,4,18,5,10,17,15,1.74,0,0,1,90,370,0,0,0,0.231,5,0,0,0,0,0,4,24,17,0.212,0.427,0.431,0.858,1.41,74,19.5,4.74,8.53,0.56,8.71,166.9,204.5,-0.6,11.1,20,0,1.89,7.11,64.8
22,정동윤,SSG,8.31,12,0,0,0,0,0,17.3,21,2,12,0,17,16,16,1.9,0,0,0,82,317,1,0,0,0.309,0,0,0,7,0,0,2,17,14,0.38,0.407,0.485,0.892,1.21,26.4,18.3,8.83,6.23,1.42,4.95,187.9,116.2,-0.5,20.7,14.6,0,1,10.5,56.3
1,김한중,두산,0,2,0,0,0,0,0,2,1,0,0,0,0,1,0,0.5,0,0,0,8,25,0,0,0,0.125,0,0,0,2,0,0,0,3,4,0.125,0.125,0.25,0.375,0.75,12.5,12.5,0,0,0,3.39,0,79.7,0,0,0,0,0,4.5,0
2,이교훈,두산,1.17,10,1,0,0,0,1,7.7,4,0,4,1,7,2,1,1.04,0,0,0,29,125,2,0,0,0.174,0,0,1,3,0,0,3,5,7,0.25,0.321,0.217,0.538,0.71,12.5,16.3,8.22,4.7,1.75,3.5,22.6,82.2,0.1,24.1,13.8,0,0,3.86,77.8
3,잭로그,두산,2.81,30,10,8,0,1,0.556,176,146,8,39,17,156,66,55,1.05,0,0,17,722,2698,4,0,0,0.224,29,10,0,0,1,0,15,204,149,0.281,0.284,0.311,0.595,1.37,89.9,15.3,7.98,1.99,4,3.17,66,74.3,4.4,21.6,5.4,0,0.41,7.47,71.3
4,박신지,두산,2.85,54,2,4,0,5,0.333,60,55,3,29,5,36,24,19,1.4,0,0,0,264,1008,8,0,1,0.244,0,0,2,7,8,0,4,58,79,0.275,0.34,0.378,0.718,0.73,18.7,16.8,5.4,4.35,1.24,4.54,66.9,106.7,0.3,13.6,11,0,0.45,8.25,76.7
5,김택연,두산,3.53,64,4,5,24,0,0.444,66.3,47,6,31,5,79,31,26,1.18,0,0,0,281,1151,5,0,9,0.196,0,0,4,43,34,3,3,42,73,0.263,0.3,0.296,0.596,0.58,18,17.4,10.72,4.21,2.55,3.81,82,89.5,0.4,28.1,11,70.6,0.81,6.31,69.7
6,박치국,두산,3.75,73,4,4,2,16,0.5,62.3,58,4,21,7,57,35,26,1.27,0,0,0,271,1045,0,0,4,0.245,0,0,4,11,23,0,2,66,57,0.305,0.323,0.359,0.682,1.16,14.3,16.8,8.23,3.03,2.71,3.74,87.2,87.9,0.1,21,7.7,8.7,0.57,8.29,63.4
7,김정우,두산,3.86,18,0,0,1,1,0,21,26,1,9,3,13,12,9,1.67,0,0,0,103,396,1,0,0,0.302,0,0,0,9,2,0,1,26,23,0.338,0.38,0.384,0.764,1.13,22,18.9,5.57,3.86,1.44,4.49,90.6,105.4,-0.1,12.6,8.7,50,0.43,11.14,71
8,이영하,두산,4.05,73,4,4,0,14,0.5,66.7,63,4,39,6,72,33,30,1.53,0,0,0,299,1136,7,0,5,0.254,0,0,4,8,23,0,6,66,48,0.341,0.367,0.343,0.71,1.38,15.6,17,9.72,5.27,1.85,4.02,92.8,94.5,0.2,24.1,13,0,0.53,8.3,73.2
9,박정수,두산,4.1,29,1,0,0,3,1,26.3,31,1,8,4,15,13,12,1.48,0,0,0,119,418,1,0,0,0.304,0,0,1,5,5,0,3,32,26,0.341,0.371,0.382,0.753,1.23,14.4,15.9,5.13,2.73,1.88,4.1,93.9,96.2,0.1,12.6,6.7,0,0.33,10.33,72.1
10,곽빈,두산,4.2,19,5,7,0,0,0.417,109.3,96,9,41,2,107,55,51,1.25,0,0,7,465,1804,5,0,0,0.232,19,5,0,0,0,0,4,109,108,0.286,0.3,0.367,0.667,1.01,94.9,16.5,8.81,3.38,2.61,3.68,98,86.5,1.7,23,8.8,0,0.74,7.85,66.5
11,양재훈,두산,4.24,19,0,0,1,0,0,23.3,19,3,8,0,19,11,11,1.16,0,0,0,93,380,0,0,0,0.226,0,0,0,8,2,0,2,14,33,0.254,0.29,0.381,0.671,0.42,20,16.3,7.33,3.09,2.38,4.43,96.9,104.1,0.1,20.4,8.6,50,1.13,7.13,70.2
12,최민석,두산,4.4,17,3,3,0,0,0.5,77.7,72,7,34,5,53,41,38,1.36,0,0,4,333,1342,5,1,0,0.248,15,3,0,0,0,0,9,90,76,0.281,0.336,0.379,0.715,1.18,78.9,17.3,6.14,3.94,1.56,4.68,101.2,109.9,0.5,15.9,10.2,0,0.79,8.17,69.2
13,최승용,두산,4.41,23,5,7,0,0,0.417,116.3,121,8,36,6,71,60,57,1.35,0,0,9,507,1958,4,0,0,0.265,23,5,0,0,0,0,10,120,148,0.297,0.325,0.379,0.704,0.81,85.1,16.8,5.49,2.79,1.97,4.15,103,97.3,1.4,14,7.1,0,0.62,9.31,67.9
14,콜어빈,두산,4.48,28,8,12,0,0,0.4,144.7,142,9,79,18,128,80,72,1.53,0,0,10,649,2593,6,0,0,0.268,28,8,0,0,0,0,16,147,121,0.332,0.376,0.379,0.755,1.21,92.6,17.9,7.96,4.91,1.62,4.43,104,104.1,1.2,19.7,12.2,0,0.55,8.73,70.2
15,홍민규,두산,4.59,20,2,1,1,0,0.667,33.3,37,4,15,1,17,19,17,1.56,0,0,0,151,571,4,0,0,0.28,2,0,2,11,1,0,2,30,51,0.289,0.351,0.417,0.768,0.59,28.6,17.1,4.59,4.05,1.13,5.33,105.7,125.3,-0.2,11.3,9.9,100,1.06,9.79,71.7
16,김민규,두산,4.66,7,1,1,0,0,0.5,9.7,9,1,6,4,6,5,5,1.55,0,0,0,47,199,0,0,0,0.273,1,0,1,5,0,0,0,6,16,0.267,0.404,0.455,0.859,0.38,28.4,20.6,5.59,5.59,1,6.13,93.2,143.9,-0.1,12.8,12.8,0,0.79,7.15,79.5
17,최원준,두산,4.71,47,4,7,0,9,0.364,107,105,18,38,4,62,59,56,1.34,0,0,5,456,1852,4,0,2,0.258,16,1,3,1,9,0,6,96,147,0.264,0.325,0.442,0.767,0.65,39.4,17.3,5.21,3.2,1.63,5.6,110.6,131.5,-0.5,13.6,8.3,0,1.51,8.83,72.2
18,제환유,두산,4.96,6,0,1,0,0,0,16.3,17,2,12,1,8,10,9,1.78,0,0,0,78,304,0,0,0,0.27,3,0,0,0,0,0,1,19,20,0.278,0.39,0.381,0.771,0.95,50.7,18.6,4.41,6.61,0.67,6.28,111.9,147.4,-0.2,10.3,15.4,0,1.06,9,73.5
19,김명신,두산,5.4,8,0,0,0,0,0,8.3,13,0,3,1,6,8,5,1.92,0,0,0,43,202,1,0,0,0.342,0,0,0,1,0,0,0,10,10,0.394,0.395,0.474,0.869,1,25.3,24.2,6.48,3.24,2,3.39,117.4,79.7,-0.1,14,7,0,0,13,52.9
19,최종인,두산,5.4,3,0,0,0,0,0,1.7,1,0,3,0,5,1,1,2.4,0,0,0,9,46,2,0,0,0.167,0,0,0,2,0,0,0,0,0,1,0.444,0.167,0.611,0,15.3,27.6,27,16.2,1.67,3.09,63.4,72.6,0,55.6,33.3,0,0,2.7,75
21,홍건희,두산,6.19,20,2,1,0,0,0.667,16,18,2,15,0,15,13,11,2.06,0,0,0,83,341,0,0,0,0.273,0,0,2,7,0,0,0,22,11,0.327,0.407,0.379,0.786,2,17.1,21.3,8.44,8.44,1,5.96,145.3,139.9,-0.4,18.1,18.1,0,1.13,10.13,66.2
22,이병헌,두산,6.23,22,0,0,0,4,0,13,11,1,10,0,9,9,9,1.62,0,0,0,56,216,0,0,0,0.244,0,0,0,2,6,0,1,8,18,0.278,0.375,0.333,0.708,0.44,9.8,16.6,6.23,6.92,0.9,5.32,146.3,124.8,-0.2,16.1,17.9,0,0.69,7.62,61.2
23,최지강,두산,6.34,39,2,5,0,5,0.286,32.7,41,3,13,2,38,25,23,1.65,0,0,0,149,582,3,0,4,0.313,0,0,2,9,13,0,3,39,13,0.422,0.384,0.42,0.804,3,14.9,17.8,10.47,3.58,2.92,3.63,141.6,85.1,-0.3,25.5,8.7,0,0.79,10.75,59.8
24,김호준,두산,6.75,19,0,1,0,1,0,10.7,14,2,7,0,7,11,8,1.97,0,0,0,54,218,1,0,1,0.298,0,0,0,3,2,0,2,22,4,0.316,0.389,0.489,0.878,5.5,11.5,20.4,5.91,5.91,1,6.07,137.1,142.5,-0.4,13,13,0,1.46,10.22,54.9
24,윤태호,두산,6.75,10,0,1,0,1,0,17.3,16,2,5,0,16,14,13,1.21,0,0,0,73,287,2,0,0,0.246,1,0,0,2,0,0,1,14,20,0.292,0.296,0.431,0.727,0.7,28.7,16.6,8.31,2.6,3.2,3.89,152.6,91.4,-0.2,21.9,6.8,0,1,8,38.5
26,고효준,두산,6.86,45,2,1,0,9,0.667,21,29,4,14,1,19,16,16,2.05,0,0,0,104,441,4,0,3,0.337,0,0,2,2,15,0,3,23,16,0.391,0.431,0.523,0.954,1.44,9.8,21,8.14,6,1.36,6.2,161,145.7,-0.5,18.3,13.5,0,1.71,12.43,72.9
27,최준호,두산,8.44,9,1,2,0,0,0.333,16,18,4,9,2,11,15,15,1.69,0,0,0,74,305,2,0,0,0.29,3,0,1,2,0,0,1,14,20,0.292,0.392,0.565,0.957,0.7,33.9,19.1,6.19,5.06,1.22,7.33,198.1,172.1,-0.5,14.9,12.2,0,2.25,10.13,59.8
28,김유성,두산,8.83,7,0,2,0,0,0,17.3,17,3,14,4,22,17,17,1.79,0,0,0,85,385,1,0,0,0.254,4,0,0,1,0,0,0,11,17,0.333,0.412,0.418,0.83,0.65,55,22.2,11.42,7.27,1.57,6.12,199.6,143.6,-0.4,25.9,16.5,0,1.5,8.5,58.4
1,김원중,롯데,2.67,53,4,3,32,0,0.571,60.7,58,4,33,2,69,21,18,1.5,0,0,0,272,1117,7,1,6,0.25,0,0,4,43,38,3,3,58,48,0.338,0.347,0.366,0.713,1.21,21.1,18.4,10.24,4.9,2.09,3.7,61,86.8,1.2,25.4,12.1,84.2,0.58,8.37,82.4
2,심재민,롯데,3,4,1,0,0,0,1,3,5,0,1,0,2,2,1,2,0,0,0,15,48,1,0,0,0.357,0,0,1,2,0,0,0,5,2,0.417,0.4,0.429,0.829,2.5,12,16,6,3,2,3.06,70.4,71.8,0,13.3,6.7,0,0,15,66.7
3,홍민기,롯데,3.09,25,0,2,0,3,0,32,24,0,11,2,39,13,11,1.09,0,0,0,129,510,1,0,0,0.211,2,0,0,2,5,0,7,33,20,0.312,0.287,0.272,0.559,1.65,20.4,15.9,10.97,3.09,3.55,2.17,72.6,51.1,0.8,30.2,8.5,0,0,6.75,64.9
4,감보아,롯데,3.58,19,7,8,0,0,0.467,108,97,6,49,4,117,54,43,1.35,0,0,11,475,1866,5,0,0,0.236,19,7,0,0,0,0,7,121,81,0.311,0.32,0.319,0.639,1.49,98.2,17.3,9.75,4.08,2.39,3.42,84.1,80.3,2.7,24.6,10.3,0,0.5,8.08,67.8
5,데이비슨,롯데,3.65,22,10,5,0,0,0.667,123.3,123,10,48,5,119,53,50,1.39,0,0,11,529,2100,4,1,0,0.262,22,10,0,0,0,0,12,120,110,0.329,0.335,0.377,0.712,1.09,95.5,17,8.68,3.5,2.48,3.8,85.2,89.3,3.2,22.5,9.1,0,0.73,8.93,75.9
6,정성종,롯데,3.86,2,0,0,0,0,0,2.3,3,1,0,0,0,1,1,1.29,0,0,0,10,37,0,0,0,0.3,0,0,0,0,0,0,0,4,3,0.222,0.3,0.7,1,1.33,18.5,15.9,0,0,0,7.73,70.4,181.4,0,0,0,0,3,9,125
7,나균안,롯데,3.87,28,3,7,0,0,0.3,137.3,143,13,50,5,116,67,59,1.41,0,0,9,601,2328,3,0,0,0.268,26,2,1,1,0,0,8,140,140,0.317,0.333,0.395,0.728,1,83.1,17,7.6,3.28,2.32,4.13,90.4,97,2.8,19.3,8.3,0,0.85,9.33,72.9
8,정현수,롯데,3.97,82,2,0,0,12,1,47.7,34,4,26,2,47,23,21,1.26,0,0,0,203,851,2,0,0,0.201,0,0,2,9,15,0,5,45,46,0.248,0.31,0.325,0.635,0.98,10.4,17.9,8.87,4.91,1.81,4.24,90,99.7,0.5,23.2,12.8,0,0.73,6.2,69.1
9,송재영,롯데,4,46,1,0,0,3,1,27,19,3,24,0,28,13,12,1.59,0,0,0,121,491,2,0,0,0.202,0,0,1,6,4,0,5,24,25,0.246,0.358,0.34,0.698,0.96,10.7,18.2,9.33,8,1.17,5.43,93.9,127.5,0.1,23.1,19.8,0,1,6.33,77.3
9,김강현,롯데,4,67,2,2,0,4,0.5,72,69,9,21,7,36,37,32,1.25,0,0,0,306,1135,4,0,0,0.254,0,0,2,19,1,0,6,95,76,0.26,0.319,0.415,0.734,1.25,16.9,15.8,4.5,2.63,1.71,5.18,93.9,121.7,0.4,11.8,6.9,0,1.13,8.63,71.1
11,정철원,롯데,4.24,75,8,3,0,21,0.727,70,72,4,28,7,55,34,33,1.43,0,0,0,312,1169,5,0,6,0.268,0,0,8,4,27,0,7,73,74,0.316,0.346,0.368,0.714,0.99,15.6,16.7,7.07,3.6,1.96,4.06,99.6,95.4,0.8,17.6,9,0,0.51,9.26,72
12,김태현,롯데,4.5,1,0,0,0,0,0,2,1,0,4,0,2,2,1,2.5,0,0,0,12,51,0,0,0,0.143,0,0,0,0,0,0,0,2,3,0.167,0.417,0.143,0.56,0.67,51,25.5,9,18,0.5,7.39,105.7,173.6,-0.1,16.7,33.3,0,0,4.5,60
13,박세웅,롯데,4.93,29,11,13,0,0,0.458,160.7,183,15,54,8,156,99,88,1.48,0,0,12,722,2694,14,1,0,0.282,28,11,0,0,0,0,9,171,142,0.349,0.343,0.426,0.769,1.2,92.9,16.8,8.74,3.02,2.89,3.82,114.6,89.7,2.7,21.6,7.5,0,0.83,10.15,65.2
14,이민석,롯데,5.26,20,2,5,0,0,0.286,87.3,104,10,56,2,61,56,51,1.83,0,0,4,417,1596,2,0,0,0.295,17,2,0,0,0,0,8,105,86,0.33,0.391,0.429,0.82,1.22,79.8,18.3,6.29,5.77,1.09,5.46,122.5,128.2,0.6,14.6,13.4,0,1.02,10.64,71.6
15,최준용,롯데,5.3,49,4,4,1,17,0.5,54.3,50,5,16,6,62,35,32,1.21,0,0,0,234,910,3,0,4,0.243,0,0,4,4,17,0,1,43,53,0.319,0.313,0.369,0.682,0.81,18.6,16.7,10.27,2.65,3.88,3.52,123,82.7,0.4,26.5,6.8,5.9,0.82,8.18,56.9
16,박진,롯데,5.32,51,3,3,1,3,0.5,69.3,76,10,22,1,50,42,41,1.41,0,0,0,302,1172,5,0,1,0.277,5,0,3,11,5,1,8,70,82,0.303,0.329,0.445,0.774,0.85,23,16.9,6.49,2.86,2.27,4.81,123.8,112.9,0.2,16.6,7.3,20,1.29,9.77,67.1
16,반즈,롯데,5.32,8,3,4,0,0,0.429,45.7,47,4,17,2,38,31,27,1.4,0,0,3,204,761,2,0,0,0.258,8,3,0,0,0,0,2,55,43,0.305,0.327,0.423,0.75,1.28,95.1,16.7,7.49,3.35,2.24,4.09,120.6,96,0.6,18.6,8.3,0,0.76,8.94,57.9
18,정우준,롯데,5.4,3,0,0,0,0,0,3.3,6,0,0,1,3,2,2,1.8,0,0,0,16,58,0,0,0,0.4,0,0,0,2,0,0,1,2,4,0.5,0.438,0.6,1.038,0.5,19.3,17.4,8.1,0,0,2.64,105.7,62.1,0,18.8,0,0,0,13.5,71.4
19,한현희,롯데,6.23,3,0,0,0,1,0,8.7,13,2,2,1,8,6,6,1.73,0,0,0,41,161,1,0,0,0.342,2,0,0,0,0,0,1,5,12,0.393,0.39,0.553,0.943,0.42,53.7,18.6,8.31,2.08,4,5.23,122.7,122.9,0,19.5,4.9,0,1.74,11.32,75.8
20,김태혁,롯데,6.38,45,0,1,2,3,0,36.7,48,4,18,3,27,26,26,1.8,0,0,0,180,644,1,0,0,0.314,0,0,0,14,7,1,2,44,38,0.349,0.388,0.458,0.846,1.16,14.3,17.6,6.63,4.42,1.5,4.98,143.3,117,-0.1,15,10,28.6,0.94,11.27,67.8
21,구승민,롯데,7,11,0,1,0,1,0,9,9,1,7,1,10,10,7,1.78,0,0,0,45,187,0,0,0,0.243,0,0,0,5,2,0,0,10,8,0.308,0.378,0.405,0.783,1.25,17,20.8,10,7,1.43,5.28,164.4,124,-0.2,22.2,15.6,0,1,9,44.9
22,윤성빈,롯데,7.67,31,1,2,0,0,0.333,27,26,3,20,4,44,23,23,1.7,0,0,0,130,524,6,0,0,0.245,1,0,1,9,1,0,0,14,22,0.39,0.385,0.396,0.781,0.64,16.9,19.4,14.67,6.67,2.2,4.24,180,99.7,-0.1,33.8,15.4,0,1,8.67,59
23,박준우,롯데,8.03,11,1,2,0,1,0.333,12.3,21,0,6,1,11,11,11,2.19,0,0,0,64,238,0,0,1,0.368,1,0,1,1,1,0,0,13,12,0.457,0.438,0.456,0.894,1.08,21.6,19.3,8.03,4.38,1.83,3.32,178.8,77.9,0,17.2,9.4,0,0,14.54,60.7
24,벨라스케즈,롯데,8.23,11,1,4,0,0,0.2,35,47,7,18,3,28,32,32,1.86,0,0,1,168,651,1,2,0,0.324,7,1,0,1,0,0,2,33,37,0.364,0.41,0.552,0.962,0.89,59.2,18.6,7.2,4.63,1.56,6.19,193.2,145.4,-0.4,16.7,10.7,0,1.8,12.09,61.9
25,박진형,롯데,8.44,7,0,0,0,0,0,5.3,9,1,3,0,5,7,5,2.25,0,0,0,29,104,0,0,0,0.346,0,0,0,4,0,0,0,7,5,0.4,0.414,0.577,0.991,1.4,14.9,19.5,8.44,5.06,1.67,5.39,176.1,126.6,-0.2,17.2,10.3,0,1.5,13.5,47.2
26,이영재,롯데,9,3,0,0,0,0,0,2,5,1,0,1,2,2,2,2.5,0,0,0,11,43,0,0,0,0.5,0,0,0,2,0,0,1,2,1,0.571,0.545,0.9,1.445,2,14.3,21.5,9,0,0,9.39,211.3,220.6,-0.1,18.2,0,0,4.5,22.5,87
27,김진욱,롯데,10,14,1,3,0,0,0.25,27,42,10,16,2,24,32,30,2.15,0,0,1,136,544,0,0,2,0.365,6,1,0,0,2,0,2,27,23,0.39,0.448,0.678,1.126,1.17,38.9,20.1,8,5.33,1.5,8.43,234.8,198,-0.9,17.6,11.8,0,3.33,14,60.9
28,박시영,롯데,11.05,11,1,0,0,0,1,7.3,9,0,9,2,10,9,9,2.45,0,0,0,42,169,0,0,0,0.29,0,0,1,2,1,0,0,7,5,0.429,0.476,0.419,0.895,1.4,15.4,23,12.27,11.05,1.11,5.02,237.8,117.8,-0.2,23.8,21.4,0,0,10.13,55
29,박세현,롯데,14.73,3,0,0,0,0,0,3.7,8,1,1,1,4,6,6,2.45,0,0,0,21,65,0,0,0,0.421,0,0,0,3,0,0,0,2,5,0.5,0.476,0.842,1.318,0.4,21.7,17.7,9.82,2.45,4,5.46,237.8,128.1,-0.2,19,4.8,0,1.69,13.5,46.5
1,양현,삼성,0,4,0,0,0,0,0,3.3,2,0,3,0,1,0,0,1.5,0,0,0,15,65,0,0,1,0.167,0,0,0,3,1,0,0,7,2,0.182,0.333,0.167,0.5,3.5,16.3,19.5,2.7,8.1,0.33,5.14,0,120.8,0.1,6.7,20,0,0,4.5,100
1,이상민,삼성,0,1,0,0,0,0,0,1,2,0,0,0,1,0,0,2,0,0,0,5,12,0,0,0,0.4,0,0,0,1,0,0,0,1,1,0.5,0.4,0.4,0.8,1,12,12,9,0,0,1.39,0,32.7,0,20,0,0,0,18,100
1,김대우,삼성,0,2,0,0,0,1,0,2,1,0,0,0,0,0,0,1.5,0,0,0,3,16,0,0,0,0.333,0,0,0,0,1,0,0,0,2,0.333,0.333,0.667,1,0,8,24,0,0,0,3.39,0,79.7,0.1,0,0,0,0,4.5,100
4,이재익,삼성,1.23,7,1,0,0,0,1,7.3,8,0,2,0,6,1,1,1.36,0,0,0,31,113,1,0,0,0.276,0,0,1,1,0,0,1,11,4,0.348,0.323,0.345,0.668,2.75,16.1,15.4,7.36,2.45,3,2.64,26.4,62.1,0.3,19.4,6.5,0,0,9,90
5,백정현,삼성,1.95,29,2,0,1,3,1,32.3,19,1,7,2,31,7,7,0.8,0,0,0,128,505,0,0,2,0.165,1,0,2,8,8,0,0,34,33,0.212,0.222,0.243,0.465,1.03,17.4,15.6,8.63,1.95,4.43,2.73,44.8,64,1,24.2,5.5,12.5,0.27,5.18,78.9
6,후라도,삼성,2.6,30,15,8,0,0,0.652,197.3,177,17,36,4,142,65,57,1.08,3,2,23,786,2921,3,0,0,0.239,30,15,0,3,0,0,23,249,173,0.275,0.278,0.339,0.617,1.44,97.4,14.8,6.48,1.64,3.94,3.68,60.8,86.4,6.6,18.1,4.6,0,0.77,8.05,78.7
7,가라비토,삼성,2.64,15,4,4,0,0,0.5,78.3,56,6,37,6,84,31,23,1.19,0,0,4,327,1356,2,0,0,0.2,15,4,0,0,0,0,6,80,60,0.263,0.307,0.282,0.589,1.33,90.4,17.3,9.65,4.25,2.27,3.89,61.5,91.3,2.2,25.7,11.3,0,0.68,6.38,75.1
8,이재희,삼성,3,11,0,2,0,4,0,9,7,0,5,0,9,3,3,1.33,0,0,0,39,157,0,0,0,0.206,0,0,0,1,3,0,0,5,13,0.28,0.308,0.294,0.602,0.38,14.3,17.4,9,5,1.8,3.06,70.4,71.8,0.2,23.1,12.8,0,0,7,75
9,원태인,삼성,3.24,27,12,4,0,0,0.75,166.7,157,20,27,6,108,66,60,1.1,0,0,20,671,2493,1,0,0,0.253,27,12,0,0,0,0,18,173,189,0.275,0.288,0.407,0.695,0.92,92.3,15,5.83,1.46,4,4.24,75.3,99.6,4.5,16.1,4,0,1.07,8.39,76.5
10,양창섭,삼성,3.43,33,3,3,0,2,0.5,63,67,3,19,9,45,29,24,1.37,0,0,0,276,969,4,0,0,0.278,6,0,3,6,3,0,8,69,64,0.325,0.348,0.357,0.705,1.08,29.4,15.4,6.43,2.71,2.37,3.92,80.5,92,1.1,16.3,6.9,0,0.43,9.57,72.7
11,이승민,삼성,3.78,62,3,2,0,8,0.6,64.3,61,5,26,3,53,37,27,1.35,0,0,0,280,1068,1,0,0,0.249,1,0,3,11,7,0,2,66,66,0.298,0.327,0.388,0.715,1,17.2,16.6,7.41,3.64,2.04,4.1,87.8,96.3,0.6,18.9,9.3,0,0.69,8.45,63.9
12,배찬승,삼성,3.91,65,2,3,0,19,0.4,50.7,50,3,34,2,57,25,22,1.66,0,0,0,233,962,5,0,2,0.259,0,0,2,5,19,0,5,49,37,0.353,0.376,0.363,0.739,1.32,14.8,19,10.13,6.04,1.68,4.02,88.8,94.5,0.7,24.5,14.6,0,0.52,8.6,74.6
13,레예스,삼성,4.14,10,4,3,0,0,0.571,50,51,5,12,3,35,26,23,1.26,0,0,2,215,844,0,0,0,0.264,10,4,0,0,0,0,1,53,58,0.293,0.311,0.389,0.7,0.91,84.4,16.9,6.3,2.16,2.92,4.19,97.2,98.5,1.1,16.3,5.6,0,0.9,9.18,67.8
14,김태훈,삼성,4.48,73,2,6,2,19,0.25,66.3,66,8,26,2,74,34,33,1.39,0,0,0,287,1122,4,0,5,0.259,0,0,2,9,29,0,7,51,67,0.33,0.329,0.404,0.733,0.76,15.4,16.9,10.04,3.53,2.85,3.99,104.1,93.7,0.8,25.8,9.1,6.9,1.07,8.87,72.5
15,홍원표,삼성,4.5,2,0,1,0,0,0,2,3,0,2,1,1,1,1,2.5,0,0,0,12,40,0,0,0,0.429,0,0,0,2,0,0,0,0,4,0.429,0.545,0.429,0.974,0,20,20,4.5,9,0.5,6.89,105.7,161.9,0,8.3,16.7,0,0,13.5,83.3
15,송은범,삼성,4.5,5,0,0,0,0,0,6,9,0,3,0,2,3,3,2,0,0,0,28,93,3,0,0,0.375,0,0,0,3,0,0,3,7,6,0.409,0.444,0.458,0.902,1.17,18.6,15.5,3,4.5,0.67,4.23,105.7,99.2,0.1,7.1,10.7,0,0,13.5,75
17,임창민,삼성,4.85,16,1,0,0,2,1,13,17,5,7,1,6,8,7,1.85,0,0,0,63,263,0,0,1,0.321,0,0,1,1,3,0,2,12,19,0.279,0.403,0.642,1.045,0.63,16.4,20.2,4.15,4.85,0.86,9.32,113.8,218.8,-0.2,9.5,11.1,0,3.46,11.77,94.4
18,최원태,삼성,4.92,27,8,7,0,0,0.533,124.3,128,13,51,12,109,72,68,1.44,0,0,8,552,2137,9,0,0,0.271,24,7,1,1,0,0,7,122,120,0.322,0.352,0.398,0.75,1.02,79.1,17.2,7.89,3.69,2.14,4.51,115,106,2,19.7,9.2,0,0.94,9.22,68.9
19,김재윤,삼성,4.99,63,4,7,13,3,0.364,57.7,57,10,13,1,43,34,32,1.21,0,0,0,242,938,1,0,3,0.253,0,0,4,34,19,2,2,47,79,0.272,0.296,0.458,0.754,0.59,14.9,16.3,6.71,2.03,3.31,4.84,114,113.7,0.3,17.8,5.4,68.4,1.52,8.65,64.9
20,김대호,삼성,5.14,11,0,1,0,0,0,21,25,3,15,1,19,13,12,1.9,0,0,0,105,392,1,0,0,0.291,4,0,0,5,0,0,2,23,21,0.333,0.394,0.465,0.859,1.1,35.6,18.7,8.14,6.43,1.27,5.73,120.8,134.5,0.1,18.1,14.3,0,1.29,10.71,76.1
21,육선엽,삼성,5.34,27,0,1,0,1,0,28.7,23,4,24,0,19,21,17,1.64,0,0,0,133,564,2,0,0,0.217,1,0,0,8,2,0,3,28,36,0.229,0.362,0.358,0.72,0.78,20.9,19.7,5.97,7.53,0.79,6.23,118.4,146.3,-0.2,14.3,18,0,1.19,6.82,62.8
22,이승현,삼성,5.42,25,4,9,0,0,0.308,101.3,121,10,46,9,74,64,61,1.65,0,0,2,471,1840,2,0,0,0.298,23,4,0,0,0,0,7,115,99,0.342,0.379,0.438,0.817,1.16,73.6,18.2,6.57,4.09,1.61,4.83,126.4,113.5,1.2,15.7,9.8,0,0.88,10.68,69.1
23,이승현,삼성,6.31,42,2,1,0,11,0.667,35.7,43,9,11,1,29,26,25,1.51,0,0,0,161,648,1,0,1,0.303,0,0,2,7,9,0,0,29,42,0.324,0.355,0.542,0.897,0.69,15.4,18.2,7.32,2.78,2.64,5.94,141.5,139.4,-0.2,18,6.8,0,2.17,10.37,68.4
24,이호성,삼성,6.34,58,7,4,9,3,0.636,55.3,54,7,29,2,69,44,39,1.5,0,0,0,252,1032,0,1,4,0.252,0,0,7,24,17,1,5,41,54,0.331,0.341,0.402,0.743,0.76,17.8,18.7,11.22,4.72,2.38,4.21,147.2,99,-0.1,27.4,11.5,52.9,1.13,8.68,54.5
25,황동재,삼성,6.97,15,0,1,0,0,0,20.7,27,1,14,2,22,16,16,1.98,0,0,0,104,403,3,0,0,0.31,1,0,0,5,0,0,1,22,17,0.4,0.413,0.368,0.781,1.29,26.9,19.5,9.58,6.1,1.57,4.15,151.4,97.6,0,21.2,13.5,0,0.4,10.88,64.9
26,오승환,삼성,8,12,0,0,0,0,0,9,15,1,3,0,7,8,8,2,0,0,0,45,173,1,0,0,0.366,0,0,0,4,1,0,0,10,10,0.412,0.4,0.561,0.961,1,14.4,19.2,7,3,2.33,4.28,187.9,100.5,0,15.6,6.7,0,1,15,60.2
27,최성훈,삼성,9,2,0,0,0,0,0,1,1,0,1,0,1,1,1,2,0,0,0,5,20,0,0,0,0.25,0,0,0,1,0,0,0,1,1,0.333,0.4,0.25,0.65,1,10,20,9,9,1,4.39,211.3,103.2,0,20,20,0,0,9,50
28,정민성,삼성,36,1,0,1,0,0,0,1,3,0,0,2,0,4,4,3,0,0,0,7,23,1,0,0,0.6,1,0,0,0,0,0,0,0,2,0.6,0.714,1.4,2.114,0,23,23,0,0,0,9.39,845.4,220.6,-0.1,0,0,0,0,27,20
29,최충연,삼성,37.8,4,0,0,0,0,0,1.7,7,1,2,1,1,8,7,5.4,0,0,0,15,60,0,0,0,0.583,0,0,0,1,0,0,0,2,2,0.6,0.667,0.917,1.584,1,15,36,5.4,10.8,0.5,9.39,443.8,220.6,-0.3,6.7,13.3,0,2.7,18.9,23.3
1,주승우,키움,2.45,42,2,2,16,5,0.5,44,35,7,17,2,35,13,12,1.18,0,0,0,179,713,1,0,4,0.222,0,0,2,25,25,1,6,37,51,0.241,0.305,0.361,0.666,0.73,17,16.2,7.16,3.48,2.06,5.17,57.6,121.3,0.3,19.6,9.5,64,1.43,7.16,92.8
2,웰스,키움,3.15,4,1,1,0,0,0.5,20,18,0,6,1,16,8,7,1.2,0,0,2,85,329,0,0,0,0.234,4,1,0,0,0,0,1,18,26,0.29,0.294,0.273,0.567,0.69,82.3,16.5,7.2,2.7,2.67,2.84,74,66.8,0.5,18.8,7.1,0,0,8.1,68
3,로젠버그,키움,3.23,13,4,4,0,0,0.5,75.3,63,5,25,4,80,33,27,1.17,0,0,6,320,1265,2,0,0,0.22,13,4,0,0,0,0,2,69,76,0.286,0.29,0.331,0.621,0.91,97.3,16.8,9.56,2.99,3.2,3.29,75.1,77.2,1.5,25,7.8,0,0.59,7.46,69.4
4,알칸타라,키움,3.27,19,8,4,0,0,0.667,121,125,11,10,4,92,50,44,1.12,0,0,14,492,1796,3,0,0,0.267,19,8,0,0,0,0,7,125,130,0.309,0.286,0.392,0.678,0.96,94.5,14.8,6.84,0.74,9.2,3.4,76.9,79.9,2.4,18.7,2,0,0.82,9.3,72
5,오석주,키움,3.7,53,2,1,0,7,0.667,58.3,52,4,29,7,44,24,24,1.39,0,0,0,252,1032,3,0,1,0.249,0,0,2,15,7,0,7,61,56,0.291,0.353,0.344,0.697,1.09,19.5,17.7,6.79,4.47,1.52,4.61,86,108.3,0.2,17.5,11.5,0,0.61,7.93,77.7
6,메르세데스,키움,4.47,8,3,3,0,0,0.5,46.3,54,5,9,0,41,24,23,1.36,0,0,2,197,764,2,1,0,0.292,8,3,0,0,0,0,4,52,39,0.35,0.323,0.438,0.761,1.33,95.5,16.5,7.96,1.75,4.56,3.61,103.4,84.7,0.6,20.8,4.6,0,0.96,10.34,69.6
7,박윤성,키움,4.53,54,0,5,1,6,0,51.7,55,9,19,1,40,31,26,1.43,0,0,0,226,905,4,1,3,0.271,0,0,0,11,6,0,4,43,65,0.299,0.336,0.463,0.799,0.66,16.8,17.5,6.97,3.31,2.11,5.21,103,122.4,-0.6,17.7,8.4,16.7,1.52,9.28,70.5
8,김성민,키움,4.68,29,0,3,0,1,0,25,25,1,13,5,18,15,13,1.52,0,0,0,113,397,0,0,1,0.272,0,0,0,5,2,0,4,28,22,0.324,0.387,0.402,0.789,1.27,13.7,15.9,6.48,4.68,1.38,4.63,109.9,108.8,-0.2,15.9,11.5,0,0.36,9,67.3
9,하영민,키움,4.99,28,7,14,0,0,0.333,153.3,169,13,41,9,134,90,85,1.37,0,0,14,669,2506,7,0,0,0.278,28,7,0,0,0,0,8,144,164,0.336,0.331,0.399,0.73,0.88,89.5,16.3,7.87,2.41,3.27,3.72,116.7,87.5,1.4,20,6.1,0,0.76,9.88,64.2
10,윤석원,키움,5.54,37,1,1,0,8,0.5,37.3,41,3,12,2,27,23,23,1.42,0,0,0,160,623,0,0,1,0.285,0,0,1,10,9,0,3,31,46,0.33,0.346,0.451,0.797,0.67,16.8,16.7,6.51,2.89,2.25,4.1,127.9,96.4,-0.2,16.9,7.5,0,0.71,9.71,63
11,김선기,키움,5.65,44,1,7,0,2,0.125,78,96,6,47,11,43,55,49,1.83,0,0,0,381,1391,2,0,0,0.305,8,0,1,7,0,0,5,76,105,0.332,0.407,0.416,0.823,0.72,31.6,17.8,4.96,5.42,0.91,5.52,132.8,129.7,-1.3,11.3,12.3,0,0.69,11.08,68
12,조영건,키움,5.68,51,5,5,8,7,0.5,77.7,84,12,38,4,47,51,49,1.57,0,0,0,353,1330,5,0,2,0.275,6,0,5,16,17,1,7,58,120,0.288,0.359,0.459,0.818,0.48,26.1,17.1,5.45,4.4,1.24,5.76,130.5,135.3,-1.2,13.3,10.8,47.1,1.36,9.53,68.7
13,정현우,키움,5.86,18,3,7,0,0,0.3,81.3,92,8,48,6,55,63,53,1.72,0,0,3,384,1496,4,2,0,0.287,18,3,0,0,0,0,6,81,99,0.318,0.383,0.424,0.807,0.82,83.1,18.4,6.09,5.31,1.15,5.3,136.6,124.4,-0.7,14.3,12.5,0,0.88,10.1,61.6
14,원종현,키움,6.13,61,2,4,5,11,0.333,54.3,68,5,18,3,40,42,37,1.58,0,0,0,248,931,6,0,6,0.313,0,0,2,13,22,1,3,63,49,0.36,0.369,0.438,0.807,1.29,15.3,17.1,6.63,2.98,2.22,4.27,142.2,100.2,-0.8,16.1,7.3,22.7,0.82,11.13,57.3
15,김윤하,키움,6.14,19,0,12,0,0,0,88,113,16,44,3,52,76,60,1.78,0,0,4,422,1645,2,0,1,0.309,18,0,0,0,1,0,3,68,137,0.321,0.384,0.5,0.884,0.5,86.6,18.7,5.32,4.5,1.18,6.18,144.1,145.1,-1.6,12.3,10.4,0,1.64,11.56,61
16,이강준,키움,6.57,29,0,3,0,2,0,24.7,29,3,17,2,26,22,18,1.86,0,0,0,119,492,2,0,0,0.296,0,0,0,3,2,0,2,28,15,0.377,0.41,0.439,0.849,1.87,17,19.9,9.49,6.2,1.53,5.06,144.5,118.9,-0.6,21.8,14.3,0,1.03,9.91,59.4
17,박주성,키움,6.58,18,2,3,0,1,0.4,52,63,9,16,3,26,40,38,1.52,0,0,2,235,865,2,0,0,0.3,6,1,1,5,1,0,4,71,54,0.302,0.352,0.5,0.852,1.31,48.1,16.6,4.5,2.77,1.63,5.74,154.4,134.8,-1,11.1,6.8,0,1.56,10.9,60.5
18,김연주,키움,6.62,20,1,3,0,0,0.25,51.7,67,10,25,6,28,40,38,1.78,0,0,0,250,939,0,0,0,0.316,8,1,0,1,0,0,1,47,75,0.318,0.395,0.542,0.937,0.63,47,18.2,4.88,4.35,1.12,6.52,150.6,153.2,-1.2,11.2,10,0,1.69,11.31,69
19,김동규,키움,6.75,9,0,0,0,0,0,8,13,2,11,0,10,11,6,3,0,0,0,49,203,4,0,0,0.342,0,0,0,6,1,0,0,5,10,0.423,0.49,0.526,1.016,0.5,22.6,25.4,11.25,12.38,0.91,8.27,158.5,194.2,-0.5,20.4,22.4,0,2.25,14.63,61.3
20,박정훈,키움,7.43,16,0,1,1,0,0,23,24,1,20,4,7,24,19,1.91,0,0,0,116,450,3,0,0,0.276,3,0,0,8,1,0,4,40,20,0.277,0.417,0.379,0.796,2,28.1,19.6,2.74,7.83,0.35,6.48,174.6,152.2,-0.9,6,17.2,100,0.39,9.39,51.5
21,양지율,키움,8.36,18,0,2,0,1,0,14,18,3,7,3,10,13,13,1.79,0,0,0,69,268,1,0,0,0.305,0,0,0,4,1,0,1,15,16,0.326,0.406,0.542,0.948,0.94,14.9,19.1,6.43,4.5,1.43,6.89,196.2,161.9,-0.5,14.5,10.1,0,1.93,11.57,63
22,윤현,키움,8.59,17,2,1,0,0,0.667,22,31,2,23,5,15,28,21,2.45,0,0,0,125,514,5,0,1,0.326,3,0,2,0,3,0,1,15,36,0.363,0.472,0.453,0.925,0.42,30.2,23.4,6.14,9.41,0.65,7.03,201.7,165.1,-1.2,12,18.4,0,0.82,12.68,55.2
23,이준우,키움,8.61,31,1,4,0,3,0.2,23,37,6,12,1,22,23,22,2.13,0,0,0,118,469,0,0,0,0.359,0,0,1,4,3,0,1,22,22,0.413,0.431,0.621,1.052,1,15.1,20.4,8.61,4.7,1.83,6.57,202.2,154.2,-0.9,18.6,10.2,0,2.35,14.48,64.9
24,전준표,키움,8.85,21,2,2,0,1,0.5,20.3,33,2,19,3,15,22,20,2.56,0,0,0,114,400,3,0,0,0.375,1,0,2,4,2,0,2,18,23,0.431,0.495,0.534,1.029,0.78,19,19.7,6.64,8.41,0.79,6.35,201.3,149,-0.8,13.2,16.7,0,0.86,14.14,63.2
25,손힘찬,키움,11.25,4,0,0,0,0,0,4,5,0,4,1,4,5,5,2.25,0,0,0,22,84,1,0,0,0.294,0,0,0,2,0,0,0,2,6,0.385,0.455,0.412,0.867,0.33,21,21,9,9,1,5.14,264.2,120.8,-0.2,18.2,18.2,0,0,11.25,50
26,손현기,키움,15,2,0,0,0,0,0,3,4,1,6,1,1,5,5,3.33,0,0,0,18,78,1,0,0,0.364,0,0,0,0,0,0,2,3,3,0.333,0.611,0.727,1.338,1,39,26,3,18,0.17,14.06,352.2,330.2,-0.3,5.6,33.3,0,3,12,62.5
27,정세영,키움,16.88,4,0,1,0,0,0,2.7,9,0,4,0,2,6,5,4.88,0,0,0,22,84,1,0,0,0.5,1,0,0,1,0,0,0,1,6,0.563,0.591,0.611,1.202,0.17,21,31.5,6.75,13.5,0.5,5.24,243.9,123,-0.2,9.1,18.2,0,0,18.69,53.8
28,김서준,키움,20.25,4,0,0,0,0,0,5.3,14,2,5,0,4,12,12,3.56,0,0,0,34,123,1,0,0,0.5,0,0,0,2,0,0,1,5,6,0.522,0.559,0.893,1.452,0.83,30.8,23.1,6.75,8.44,0.8,8.89,422.7,208.8,-0.6,11.8,14.7,0,3,21,43.2
29,임진묵,키움,24.55,4,0,0,0,0,0,3.7,10,0,5,1,3,11,10,4.09,0,0,0,28,108,1,0,0,0.476,0,0,0,2,0,0,0,3,6,0.526,0.571,0.667,1.238,0.5,27,29.5,7.36,12.27,0.6,5.64,396.3,132.5,-0.4,10.7,17.9,0,0,16.88,31.3
1,폰세,한화,1.89,29,17,1,0,0,0.944,180.7,128,10,41,6,252,41,38,0.94,0,0,20,697,2854,7,3,0,0.199,29,17,0,0,0,0,14,145,122,0.306,0.252,0.274,0.526,1.19,98.4,15.8,12.55,2.04,6.15,2.12,44,49.7,7.7,36.2,5.9,0,0.49,6.32,83.2
2,김범수,한화,2.25,73,2,1,2,6,0.667,48,30,0,22,4,41,17,12,1.08,0,0,0,195,780,1,0,0,0.181,0,0,2,9,14,2,6,48,48,0.238,0.29,0.211,0.501,1,10.7,16.3,7.69,4.13,1.86,3.31,52.8,77.7,0.7,21,11.3,14.3,0,5.63,69.6
2,한승혁,한화,2.25,71,3,3,3,16,0.5,64,56,4,23,7,53,18,16,1.23,0,0,0,269,1002,3,0,5,0.236,0,0,3,10,28,1,4,79,49,0.289,0.322,0.316,0.638,1.61,14.1,15.7,7.45,3.23,2.3,3.96,52.8,92.9,1,19.7,8.6,10.7,0.56,7.88,84.6
4,정우주,한화,2.85,51,3,0,0,3,1,53.7,34,6,21,10,82,18,17,1.02,0,0,0,228,1007,3,1,0,0.177,2,0,3,15,5,0,0,27,51,0.264,0.289,0.313,0.602,0.53,19.7,18.8,13.75,3.52,3.9,3.52,64.9,82.6,0.8,36,9.2,0,0.98,5.53,83
5,와이스,한화,2.87,30,16,5,0,0,0.762,178.7,127,13,56,13,207,63,57,1.02,0,0,21,725,2837,5,2,0,0.197,30,16,0,0,0,0,7,168,150,0.264,0.272,0.307,0.579,1.12,94.6,15.9,10.43,2.82,3.7,3.18,66.8,74.7,4.8,28.6,7.7,0,0.65,6.34,74.8
6,김기중,한화,3.07,5,0,1,0,0,0,14.7,16,0,6,1,8,5,5,1.5,0,0,0,66,259,1,0,0,0.276,2,0,0,2,0,0,1,17,18,0.314,0.348,0.345,0.693,0.94,51.8,17.7,4.91,3.68,1.33,3.7,64.7,86.9,0.3,12.1,9.1,0,0,8.82,78.3
7,김서현,한화,3.14,69,2,4,33,2,0.333,66,52,4,31,8,71,23,23,1.26,0,0,0,280,1124,7,0,4,0.222,0,0,2,52,38,2,4,62,51,0.298,0.331,0.329,0.66,1.22,16.3,17,9.68,4.23,2.29,3.8,73.7,89.3,0.9,25.4,11.1,86.8,0.55,7.09,79.6
8,류현진,한화,3.23,26,9,7,0,0,0.563,139.3,144,12,25,4,122,54,50,1.21,0,0,12,574,2268,2,0,0,0.267,26,9,0,0,0,0,13,156,118,0.325,0.304,0.385,0.689,1.32,87.2,16.3,7.88,1.61,4.88,3.39,75.5,79.5,3.3,21.3,4.4,0,0.77,9.26,76.2
9,김종수,한화,3.25,63,4,5,0,5,0.444,63.7,57,5,36,4,59,30,23,1.46,0,0,0,282,1104,2,1,0,0.245,0,0,4,10,5,0,4,50,72,0.299,0.349,0.391,0.74,0.69,17.5,17.3,8.34,5.09,1.64,4.42,74.4,103.8,0.2,20.9,12.8,0,0.69,7.85,74.4
10,박준영,한화,3.6,1,0,0,0,0,0,5,3,0,6,0,3,2,2,1.8,0,0,0,24,110,0,0,0,0.176,1,0,0,0,0,0,0,3,9,0.2,0.375,0.176,0.551,0.33,110,22,5.4,10.8,0.5,5.79,84.5,136,0,12.5,25,0,0,5.4,77.8
11,윤산흠,한화,3.78,12,0,0,0,0,0,16.7,16,1,5,3,17,7,7,1.26,0,0,0,73,268,1,1,0,0.246,1,0,0,4,0,0,2,21,11,0.319,0.329,0.369,0.698,1.91,22.3,16.1,9.18,2.7,3.4,3.56,80.7,83.5,0.2,23.3,6.8,0,0.49,7.85,75.2
12,이태양,한화,3.97,14,0,1,0,0,0,11.3,14,0,5,1,8,5,5,1.68,0,0,0,51,181,0,0,1,0.318,0,0,0,4,1,0,1,11,11,0.389,0.4,0.432,0.832,1,12.9,16,6.35,3.97,1.6,3.56,88.1,83.6,0.1,15.7,9.8,0,0,10.5,75
13,문동주,한화,4.02,24,11,5,0,0,0.688,121,112,7,31,3,135,57,54,1.18,1,0,11,501,1947,11,0,0,0.243,23,11,0,2,0,0,2,109,108,0.326,0.293,0.346,0.639,1.01,81.1,16.1,10.04,2.31,4.35,2.76,94.3,64.7,2.7,26.9,6.2,0,0.52,8.33,65.3
14,조동욱,한화,4.05,68,3,3,2,5,0.5,60,77,4,29,4,43,29,27,1.77,0,0,0,283,1068,7,1,1,0.313,2,1,2,12,9,2,10,75,53,0.363,0.391,0.427,0.818,1.42,15.7,17.8,6.45,4.35,1.48,4.48,95.1,105.1,0.1,15.2,10.2,22.2,0.6,11.55,77.6
15,박상원,한화,4.19,74,4,3,0,16,0.571,66.7,67,4,21,8,52,35,31,1.32,0,0,0,294,1128,4,0,3,0.261,0,0,4,1,32,0,1,64,78,0.307,0.331,0.37,0.701,0.82,15.2,16.9,7.02,2.84,2.48,3.91,95.9,91.7,0.2,17.7,7.1,0,0.53,8.82,67.5
16,주현상,한화,5.18,48,5,2,1,3,0.714,41.7,59,8,10,3,37,25,24,1.66,0,0,0,193,776,1,0,2,0.331,0,0,5,10,8,0,2,36,46,0.383,0.377,0.567,0.944,0.78,16.2,18.6,7.99,2.16,3.7,4.99,117.1,117.1,-0.3,19.2,5.2,12.5,1.66,12.25,77.3
17,황준서,한화,5.3,23,2,8,0,0,0.2,56,54,7,26,2,57,37,33,1.43,0,0,2,242,1012,1,0,0,0.255,12,1,1,1,2,0,3,53,50,0.313,0.339,0.443,0.782,1.06,44,18.1,9.16,4.18,2.19,4.48,124.5,105.3,-0.1,23.6,10.7,0,1.13,8.68,62.3
18,엄상백,한화,6.58,28,2,7,0,1,0.222,80.7,106,13,38,8,74,60,59,1.79,0,0,2,379,1540,3,0,0,0.324,16,1,1,0,1,0,5,62,88,0.383,0.404,0.517,0.921,0.7,55,19.1,8.26,4.24,1.95,5.32,151.4,125,-0.8,19.5,10,0,1.42,11.59,68.8
19,이상규,한화,8,5,0,1,0,0,0,9,16,0,4,0,5,9,8,2.22,0,0,0,47,155,0,0,0,0.372,0,0,0,4,0,0,1,12,10,0.421,0.426,0.465,0.891,1.2,31,17.2,5,4,1.25,3.62,187.9,84.9,-0.2,10.6,8.5,0,0,16,55
20,권민규,한화,8.44,5,0,0,0,0,0,5.3,5,1,7,0,4,5,5,2.25,0,0,0,28,129,0,0,0,0.25,0,0,0,2,0,0,0,4,8,0.25,0.429,0.45,0.879,0.5,25.8,24.2,6.75,11.81,0.57,7.73,176.1,181.4,-0.2,14.3,25,0,1.5,7.5,66
21,강재민,한화,9,4,0,0,0,0,0,4,6,1,2,1,5,4,4,2,0,0,0,20,92,0,0,0,0.375,0,0,0,3,0,0,0,1,5,0.455,0.45,0.625,1.075,0.2,23,23,11.25,4.5,2.5,6.39,211.3,150.1,-0.1,25,10,0,2.25,13.5,65.8
22,원종혁,한화,16.2,2,0,0,0,0,0,1.7,3,1,2,0,1,3,3,3,0,0,0,10,37,0,0,0,0.429,0,0,0,1,0,0,0,0,4,0.333,0.5,0.857,1.357,0,18.5,22.2,5.4,10.8,0.5,8.49,190.2,199.4,-0.1,10,20,0,2.7,8.1,55.6
23,김승일,한화,23.63,5,0,0,0,0,0,2.7,3,1,3,3,3,7,7,2.25,0,0,0,17,68,1,0,0,0.273,0,0,0,2,0,0,0,2,3,0.286,0.529,0.545,1.074,0.67,13.6,25.5,10.13,10.13,1,9.16,341.4,215.2,-0.3,17.6,17.6,0,2.08,6.23,26.3
